session_date,source,trade_rows,backtrack_count,largest_backtrack_ms,status,reason
2022-04-04,C:\Users\k_99_\AppData\Roaming\ATAS\Cache_v2\NQ@CME_Ind\2022_04_03\trades.dat,385753,0,0.0,PASS,
2022-04-05,C:\Users\k_99_\AppData\Roaming\ATAS\Cache_v2\NQ@CME_Ind\2022_04_04\trades.dat,491698,2,4.0025,PASS,
2022-04-06,C:\Users\k_99_\AppData\Roaming\ATAS\Cache_v2\NQ@CME_Ind\2022_04_05\trades.dat,679511,1,1.0001,PASS,
2022-04-07,C:\Users\k_99_\AppData\Roaming\ATAS\Cache_v2\NQ@CME_Ind\2022_04_06\trades.dat,556047,2,1.0,PASS,
2022-04-08,C:\Users\k_99_\AppData\Roaming\ATAS\Cache_v2\NQ@CME_Ind\2022_04_07\trades.dat,558320,0,0.0,PASS,
2022-04-11,C:\Users\k_99_\AppData\Roaming\ATAS\Cache_v2\NQ@CME_Ind\2022_04_10\trades.dat,472026,0,0.0,PASS,
2022-04-12,C:\Users\k_99_\AppData\Roaming\ATAS\Cache_v2\NQ@CME_Ind\2022_04_11\trades.dat,597389,0,0.0,PASS,
2022-04-13,C:\Users\k_99_\AppData\Roaming\ATAS\Cache_v2\NQ@CME_Ind\2022_04_12\trades.dat,448751,0,0.0,PASS,
2022-04-14,C:\Users\k_99_\AppData\Roaming\ATAS\Cache_v2\NQ@CME_Ind\2022_04_13\trades.dat,458318,0,0.0,PASS,
2022-04-15,,0,0,0.0,UNREADABLE,"ValueError: Invalid context scale: tick_size=0.0, lot_size=0.0"
2022-04-18,C:\Users\k_99_\AppData\Roaming\ATAS\Cache_v2\NQ@CME_Ind\2022_04_17\trades.dat,393889,0,0.0,PASS,
2022-04-19,C:\Users\k_99_\AppData\Roaming\ATAS\Cache_v2\NQ@CME_Ind\2022_04_18\trades.dat,435960,0,0.0,PASS,
2022-04-20,C:\Users\k_99_\AppData\Roaming\ATAS\Cache_v2\NQ@CME_Ind\2022_04_19\trades.dat,497218,0,0.0,PASS,
2022-04-21,C:\Users\k_99_\AppData\Roaming\ATAS\Cache_v2\NQ@CME_Ind\2022_04_20\trades.dat,576265,1,1.0,PASS,
2022-04-22,C:\Users\k_99_\AppData\Roaming\ATAS\Cache_v2\NQ@CME_Ind\2022_04_21\trades.dat,591630,1,1.0,PASS,
2022-04-25,C:\Users\k_99_\AppData\Roaming\ATAS\Cache_v2\NQ@CME_Ind\2022_04_24\trades.dat,623407,0,0.0,PASS,
2022-04-26,C:\Users\k_99_\AppData\Roaming\ATAS\Cache_v2\NQ@CME_Ind\2022_04_25\trades.dat,597187,0,0.0,PASS,
2022-04-27,C:\Users\k_99_\AppData\Roaming\ATAS\Cache_v2\NQ@CME_Ind\2022_04_26\trades.dat,656711,0,0.0,PASS,
2022-04-28,C:\Users\k_99_\AppData\Roaming\ATAS\Cache_v2\NQ@CME_Ind\2022_04_27\trades.dat,608997,0,0.0,PASS,
2022-04-29,C:\Users\k_99_\AppData\Roaming\ATAS\Cache_v2\NQ@CME_Ind\2022_04_28\trades.dat,600093,0,0.0,PASS,
2022-05-02,C:\Users\k_99_\AppData\Roaming\ATAS\Cache_v2\NQ@CME_Ind\2022_05_01\trades.dat,631017,0,0.0,PASS,
2022-05-03,C:\Users\k_99_\AppData\Roaming\ATAS\Cache_v2\NQ@CME_Ind\2022_05_02\trades.dat,568102,0,0.0,PASS,
2022-05-04,C:\Users\k_99_\AppData\Roaming\ATAS\Cache_v2\NQ@CME_Ind\2022_05_03\trades.dat,603214,0,0.0,PASS,
2022-05-05,C:\Users\k_99_\AppData\Roaming\ATAS\Cache_v2\NQ@CME_Ind\2022_05_04\trades.dat,748194,0,0.0,PASS,
2022-05-06,C:\Users\k_99_\AppData\Roaming\ATAS\Cache_v2\NQ@CME_Ind\2022_05_05\trades.dat,733628,0,0.0,PASS,
2022-05-09,C:\Users\k_99_\AppData\Roaming\ATAS\Cache_v2\NQ@CME_Ind\2022_05_08\trades.dat,671805,0,0.0,PASS,
2022-05-10,C:\Users\k_99_\AppData\Roaming\ATAS\Cache_v2\NQ@CME_Ind\2022_05_09\trades.dat,724337,1,2.0,PASS,
2022-05-11,C:\Users\k_99_\AppData\Roaming\ATAS\Cache_v2\NQ@CME_Ind\2022_05_10\trades.dat,733743,0,0.0,PASS,
2022-05-12,C:\Users\k_99_\AppData\Roaming\ATAS\Cache_v2\NQ@CME_Ind\2022_05_11\trades.dat,734343,0,0.0,PASS,
2022-05-13,C:\Users\k_99_\AppData\Roaming\ATAS\Cache_v2\NQ@CME_Ind\2022_05_12\trades.dat,549143,0,0.0,PASS,
2022-05-16,C:\Users\k_99_\AppData\Roaming\ATAS\Cache_v2\NQ@CME_Ind\2022_05_15\trades.dat,517133,0,0.0,PASS,
2022-05-17,C:\Users\k_99_\AppData\Roaming\ATAS\Cache_v2\NQ@CME_Ind\2022_05_16\trades.dat,555414,0,0.0,PASS,
2022-05-18,C:\Users\k_99_\AppData\Roaming\ATAS\Cache_v2\NQ@CME_Ind\2022_05_17\trades.dat,609573,0,0.0,PASS,
2022-05-19,C:\Users\k_99_\AppData\Roaming\ATAS\Cache_v2\NQ@CME_Ind\2022_05_18\trades.dat,700141,0,0.0,PASS,
2022-05-20,C:\Users\k_99_\AppData\Roaming\ATAS\Cache_v2\NQ@CME_Ind\2022_05_19\trades.dat,673189,0,0.0,PASS,
2022-05-23,C:\Users\k_99_\AppData\Roaming\ATAS\Cache_v2\NQ@CME_Ind\2022_05_22\trades.dat,550023,0,0.0,PASS,
2022-05-24,C:\Users\k_99_\AppData\Roaming\ATAS\Cache_v2\NQ@CME_Ind\2022_05_23\trades.dat,601445,0,0.0,PASS,
2022-05-25,C:\Users\k_99_\AppData\Roaming\ATAS\Cache_v2\NQ@CME_Ind\2022_05_24\trades.dat,556030,0,0.0,PASS,
2022-05-26,C:\Users\k_99_\AppData\Roaming\ATAS\Cache_v2\NQ@CME_Ind\2022_05_25\trades.dat,497987,0,0.0,PASS,
2022-05-27,C:\Users\k_99_\AppData\Roaming\ATAS\Cache_v2\NQ@CME_Ind\2022_05_26\trades.dat,497251,0,0.0,PASS,
2022-05-30,,0,0,0.0,UNREADABLE,FileNotFoundError: missing trade cache: C:\Users\k_99_\AppData\Roaming\ATAS\Cache_v2\NQ@CME_Ind\2022_05_29\trades.dat
2022-05-31,C:\Users\k_99_\AppData\Roaming\ATAS\Cache_v2\NQ@CME_Ind\2022_05_30\trades.dat,564928,0,0.0,PASS,
2022-06-01,C:\Users\k_99_\AppData\Roaming\ATAS\Cache_v2\NQ@CME_Ind\2022_05_31\trades.dat,575199,0,0.0,PASS,
2022-06-02,C:\Users\k_99_\AppData\Roaming\ATAS\Cache_v2\NQ@CME_Ind\2022_06_01\trades.dat,515126,0,0.0,PASS,
2022-06-03,C:\Users\k_99_\AppData\Roaming\ATAS\Cache_v2\NQ@CME_Ind\2022_06_02\trades.dat,545376,0,0.0,PASS,
2022-06-06,C:\Users\k_99_\AppData\Roaming\ATAS\Cache_v2\NQ@CME_Ind\2022_06_05\trades.dat,450839,0,0.0,PASS,
2022-06-07,C:\Users\k_99_\AppData\Roaming\ATAS\Cache_v2\NQ@CME_Ind\2022_06_06\trades.dat,483096,0,0.0,PASS,
2022-06-08,C:\Users\k_99_\AppData\Roaming\ATAS\Cache_v2\NQ@CME_Ind\2022_06_07\trades.dat,484524,0,0.0,PASS,
2022-06-09,C:\Users\k_99_\AppData\Roaming\ATAS\Cache_v2\NQ@CME_Ind\2022_06_08\trades.dat,559469,0,0.0,PASS,
2022-06-10,C:\Users\k_99_\AppData\Roaming\ATAS\Cache_v2\NQ@CME_Ind\2022_06_09\trades.dat,460512,0,0.0,PASS,
2022-06-13,C:\Users\k_99_\AppData\Roaming\ATAS\Cache_v2\NQ@CME_Ind\2022_06_12\trades.dat,521789,1,4.0,PASS,
2022-06-14,C:\Users\k_99_\AppData\Roaming\ATAS\Cache_v2\NQ@CME_Ind\2022_06_13\trades.dat,518611,0,0.0,PASS,
2022-06-15,C:\Users\k_99_\AppData\Roaming\ATAS\Cache_v2\NQ@CME_Ind\2022_06_14\trades.dat,606722,2,1.0002,PASS,
2022-06-16,C:\Users\k_99_\AppData\Roaming\ATAS\Cache_v2\NQ@CME_Ind\2022_06_15\trades.dat,669957,1,1.0,PASS,
2022-06-17,C:\Users\k_99_\AppData\Roaming\ATAS\Cache_v2\NQ@CME_Ind\2022_06_16\trades.dat,600987,0,0.0,PASS,
2022-06-20,,0,0,0.0,UNREADABLE,FileNotFoundError: missing trade cache: C:\Users\k_99_\AppData\Roaming\ATAS\Cache_v2\NQ@CME_Ind\2022_06_19\trades.dat
2022-06-21,C:\Users\k_99_\AppData\Roaming\ATAS\Cache_v2\NQ@CME_Ind\2022_06_20\trades.dat,437582,0,0.0,PASS,
2022-06-22,C:\Users\k_99_\AppData\Roaming\ATAS\Cache_v2\NQ@CME_Ind\2022_06_21\trades.dat,525404,0,0.0,PASS,
2022-06-23,C:\Users\k_99_\AppData\Roaming\ATAS\Cache_v2\NQ@CME_Ind\2022_06_22\trades.dat,520378,0,0.0,PASS,
2022-06-24,C:\Users\k_99_\AppData\Roaming\ATAS\Cache_v2\NQ@CME_Ind\2022_06_23\trades.dat,443453,1,23.0011,PASS,
2022-06-27,C:\Users\k_99_\AppData\Roaming\ATAS\Cache_v2\NQ@CME_Ind\2022_06_26\trades.dat,458965,0,0.0,PASS,
2022-06-28,C:\Users\k_99_\AppData\Roaming\ATAS\Cache_v2\NQ@CME_Ind\2022_06_27\trades.dat,529873,0,0.0,PASS,
2022-06-29,C:\Users\k_99_\AppData\Roaming\ATAS\Cache_v2\NQ@CME_Ind\2022_06_28\trades.dat,496868,0,0.0,PASS,
2022-06-30,C:\Users\k_99_\AppData\Roaming\ATAS\Cache_v2\NQ@CME_Ind\2022_06_29\trades.dat,623707,0,0.0,PASS,
2022-07-01,C:\Users\k_99_\AppData\Roaming\ATAS\Cache_v2\NQ@CME_Ind\2022_06_30\trades.dat,510667,0,0.0,PASS,
2022-07-04,,0,0,0.0,UNREADABLE,FileNotFoundError: missing trade cache: C:\Users\k_99_\AppData\Roaming\ATAS\Cache_v2\NQ@CME_Ind\2022_07_03\trades.dat
2022-07-05,C:\Users\k_99_\AppData\Roaming\ATAS\Cache_v2\NQ@CME_Ind\2022_07_04\trades.dat,603328,1,1.0,PASS,
2022-07-06,C:\Users\k_99_\AppData\Roaming\ATAS\Cache_v2\NQ@CME_Ind\2022_07_05\trades.dat,547654,1,1.0,PASS,
2022-07-07,C:\Users\k_99_\AppData\Roaming\ATAS\Cache_v2\NQ@CME_Ind\2022_07_06\trades.dat,448526,1,1.0,PASS,
2022-07-08,C:\Users\k_99_\AppData\Roaming\ATAS\Cache_v2\NQ@CME_Ind\2022_07_07\trades.dat,539094,0,0.0,PASS,
2022-07-11,C:\Users\k_99_\AppData\Roaming\ATAS\Cache_v2\NQ@CME_Ind\2022_07_10\trades.dat,472959,0,0.0,PASS,
2022-07-12,C:\Users\k_99_\AppData\Roaming\ATAS\Cache_v2\NQ@CME_Ind\2022_07_11\trades.dat,511503,0,0.0,PASS,
2022-07-13,C:\Users\k_99_\AppData\Roaming\ATAS\Cache_v2\NQ@CME_Ind\2022_07_12\trades.dat,629299,2,1.0002,PASS,
2022-07-14,C:\Users\k_99_\AppData\Roaming\ATAS\Cache_v2\NQ@CME_Ind\2022_07_13\trades.dat,549273,0,0.0,PASS,
2022-07-15,C:\Users\k_99_\AppData\Roaming\ATAS\Cache_v2\NQ@CME_Ind\2022_07_14\trades.dat,462484,0,0.0,PASS,
2022-07-18,C:\Users\k_99_\AppData\Roaming\ATAS\Cache_v2\NQ@CME_Ind\2022_07_17\trades.dat,463852,0,0.0,PASS,
2022-07-19,C:\Users\k_99_\AppData\Roaming\ATAS\Cache_v2\NQ@CME_Ind\2022_07_18\trades.dat,477850,0,0.0,PASS,
2022-07-20,C:\Users\k_99_\AppData\Roaming\ATAS\Cache_v2\NQ@CME_Ind\2022_07_19\trades.dat,531316,0,0.0,PASS,
2022-07-21,C:\Users\k_99_\AppData\Roaming\ATAS\Cache_v2\NQ@CME_Ind\2022_07_20\trades.dat,492921,0,0.0,PASS,
2022-07-22,C:\Users\k_99_\AppData\Roaming\ATAS\Cache_v2\NQ@CME_Ind\2022_07_21\trades.dat,531604,0,0.0,PASS,
2022-07-25,C:\Users\k_99_\AppData\Roaming\ATAS\Cache_v2\NQ@CME_Ind\2022_07_24\trades.dat,410292,1,1.0,PASS,
2022-07-26,C:\Users\k_99_\AppData\Roaming\ATAS\Cache_v2\NQ@CME_Ind\2022_07_25\trades.dat,429697,0,0.0,PASS,
2022-07-27,C:\Users\k_99_\AppData\Roaming\ATAS\Cache_v2\NQ@CME_Ind\2022_07_26\trades.dat,498651,0,0.0,PASS,
2022-07-28,C:\Users\k_99_\AppData\Roaming\ATAS\Cache_v2\NQ@CME_Ind\2022_07_27\trades.dat,518207,0,0.0,PASS,
2022-07-29,C:\Users\k_99_\AppData\Roaming\ATAS\Cache_v2\NQ@CME_Ind\2022_07_28\trades.dat,488196,0,0.0,PASS,
2022-08-01,C:\Users\k_99_\AppData\Roaming\ATAS\Cache_v2\NQ@CME_Ind\2022_07_31\trades.dat,511570,0,0.0,PASS,
2022-08-02,C:\Users\k_99_\AppData\Roaming\ATAS\Cache_v2\NQ@CME_Ind\2022_08_01\trades.dat,564588,1,2.0,PASS,
2022-08-03,C:\Users\k_99_\AppData\Roaming\ATAS\Cache_v2\NQ@CME_Ind\2022_08_02\trades.dat,552669,0,0.0,PASS,
2022-08-04,C:\Users\k_99_\AppData\Roaming\ATAS\Cache_v2\NQ@CME_Ind\2022_08_03\trades.dat,454639,0,0.0,PASS,
2022-08-05,C:\Users\k_99_\AppData\Roaming\ATAS\Cache_v2\NQ@CME_Ind\2022_08_04\trades.dat,568472,0,0.0,PASS,
2022-08-08,C:\Users\k_99_\AppData\Roaming\ATAS\Cache_v2\NQ@CME_Ind\2022_08_07\trades.dat,502429,0,0.0,PASS,
2022-08-09,C:\Users\k_99_\AppData\Roaming\ATAS\Cache_v2\NQ@CME_Ind\2022_08_08\trades.dat,463203,1,1.0,PASS,
2022-08-10,C:\Users\k_99_\AppData\Roaming\ATAS\Cache_v2\NQ@CME_Ind\2022_08_09\trades.dat,502468,0,0.0,PASS,
2022-08-11,C:\Users\k_99_\AppData\Roaming\ATAS\Cache_v2\NQ@CME_Ind\2022_08_10\trades.dat,509624,0,0.0,PASS,
2022-08-12,C:\Users\k_99_\AppData\Roaming\ATAS\Cache_v2\NQ@CME_Ind\2022_08_11\trades.dat,407165,0,0.0,PASS,
2022-08-15,C:\Users\k_99_\AppData\Roaming\ATAS\Cache_v2\NQ@CME_Ind\2022_08_14\trades.dat,380565,0,0.0,PASS,
2022-08-16,C:\Users\k_99_\AppData\Roaming\ATAS\Cache_v2\NQ@CME_Ind\2022_08_15\trades.dat,462293,0,0.0,PASS,
2022-08-17,C:\Users\k_99_\AppData\Roaming\ATAS\Cache_v2\NQ@CME_Ind\2022_08_16\trades.dat,519018,0,0.0,PASS,
2022-08-18,C:\Users\k_99_\AppData\Roaming\ATAS\Cache_v2\NQ@CME_Ind\2022_08_17\trades.dat,433061,0,0.0,PASS,
2022-08-19,C:\Users\k_99_\AppData\Roaming\ATAS\Cache_v2\NQ@CME_Ind\2022_08_18\trades.dat,509468,1,1.0002,PASS,
2022-08-22,C:\Users\k_99_\AppData\Roaming\ATAS\Cache_v2\NQ@CME_Ind\2022_08_21\trades.dat,480830,0,0.0,PASS,
2022-08-23,C:\Users\k_99_\AppData\Roaming\ATAS\Cache_v2\NQ@CME_Ind\2022_08_22\trades.dat,476991,0,0.0,PASS,
2022-08-24,C:\Users\k_99_\AppData\Roaming\ATAS\Cache_v2\NQ@CME_Ind\2022_08_23\trades.dat,405626,1,1.0,PASS,
2022-08-25,C:\Users\k_99_\AppData\Roaming\ATAS\Cache_v2\NQ@CME_Ind\2022_08_24\trades.dat,440396,0,0.0,PASS,
2022-08-26,C:\Users\k_99_\AppData\Roaming\ATAS\Cache_v2\NQ@CME_Ind\2022_08_25\trades.dat,610483,1,1.0002,PASS,
2022-08-29,C:\Users\k_99_\AppData\Roaming\ATAS\Cache_v2\NQ@CME_Ind\2022_08_28\trades.dat,549802,0,0.0,PASS,
2022-08-30,C:\Users\k_99_\AppData\Roaming\ATAS\Cache_v2\NQ@CME_Ind\2022_08_29\trades.dat,659505,0,0.0,PASS,
2022-08-31,C:\Users\k_99_\AppData\Roaming\ATAS\Cache_v2\NQ@CME_Ind\2022_08_30\trades.dat,569683,0,0.0,PASS,
2022-09-01,C:\Users\k_99_\AppData\Roaming\ATAS\Cache_v2\NQ@CME_Ind\2022_08_31\trades.dat,658992,0,0.0,PASS,
2022-09-02,C:\Users\k_99_\AppData\Roaming\ATAS\Cache_v2\NQ@CME_Ind\2022_09_01\trades.dat,705439,0,0.0,PASS,
2022-09-05,,0,0,0.0,UNREADABLE,FileNotFoundError: missing trade cache: C:\Users\k_99_\AppData\Roaming\ATAS\Cache_v2\NQ@CME_Ind\2022_09_04\trades.dat
2022-09-06,C:\Users\k_99_\AppData\Roaming\ATAS\Cache_v2\NQ@CME_Ind\2022_09_05\trades.dat,644582,0,0.0,PASS,
2022-09-07,C:\Users\k_99_\AppData\Roaming\ATAS\Cache_v2\NQ@CME_Ind\2022_09_06\trades.dat,562406,0,0.0,PASS,
2022-09-08,C:\Users\k_99_\AppData\Roaming\ATAS\Cache_v2\NQ@CME_Ind\2022_09_07\trades.dat,618339,2,6.0004,PASS,
2022-09-09,C:\Users\k_99_\AppData\Roaming\ATAS\Cache_v2\NQ@CME_Ind\2022_09_08\trades.dat,408685,0,0.0,PASS,
2022-09-12,C:\Users\k_99_\AppData\Roaming\ATAS\Cache_v2\NQ@CME_Ind\2022_09_11\trades.dat,313818,2,1.0002,PASS,
2022-09-13,C:\Users\k_99_\AppData\Roaming\ATAS\Cache_v2\NQ@CME_Ind\2022_09_12\trades.dat,515748,2,4.0,PASS,
2022-09-14,C:\Users\k_99_\AppData\Roaming\ATAS\Cache_v2\NQ@CME_Ind\2022_09_13\trades.dat,537771,2,6.0,PASS,
2022-09-15,C:\Users\k_99_\AppData\Roaming\ATAS\Cache_v2\NQ@CME_Ind\2022_09_14\trades.dat,607070,0,0.0,PASS,
2022-09-16,C:\Users\k_99_\AppData\Roaming\ATAS\Cache_v2\NQ@CME_Ind\2022_09_15\trades.dat,619881,1,1.0002,PASS,
2022-09-19,C:\Users\k_99_\AppData\Roaming\ATAS\Cache_v2\NQ@CME_Ind\2022_09_18\trades.dat,522065,0,0.0,PASS,
2022-09-20,C:\Users\k_99_\AppData\Roaming\ATAS\Cache_v2\NQ@CME_Ind\2022_09_19\trades.dat,591962,1,1.0003,PASS,
2022-09-21,C:\Users\k_99_\AppData\Roaming\ATAS\Cache_v2\NQ@CME_Ind\2022_09_20\trades.dat,682400,1,2.0,PASS,
2022-09-22,C:\Users\k_99_\AppData\Roaming\ATAS\Cache_v2\NQ@CME_Ind\2022_09_21\trades.dat,655150,2,8.0003,PASS,
2022-09-23,C:\Users\k_99_\AppData\Roaming\ATAS\Cache_v2\NQ@CME_Ind\2022_09_22\trades.dat,682188,2,1.0002,PASS,
2022-09-26,C:\Users\k_99_\AppData\Roaming\ATAS\Cache_v2\NQ@CME_Ind\2022_09_25\trades.dat,659469,0,0.0,PASS,
2022-09-27,C:\Users\k_99_\AppData\Roaming\ATAS\Cache_v2\NQ@CME_Ind\2022_09_26\trades.dat,710266,1,1.0001,PASS,
2022-09-28,C:\Users\k_99_\AppData\Roaming\ATAS\Cache_v2\NQ@CME_Ind\2022_09_27\trades.dat,731321,3,3.0006,PASS,
2022-09-29,C:\Users\k_99_\AppData\Roaming\ATAS\Cache_v2\NQ@CME_Ind\2022_09_28\trades.dat,746340,1,4.0,PASS,
2022-09-30,C:\Users\k_99_\AppData\Roaming\ATAS\Cache_v2\NQ@CME_Ind\2022_09_29\trades.dat,722418,1,2.0003,PASS,
2022-10-03,C:\Users\k_99_\AppData\Roaming\ATAS\Cache_v2\NQ@CME_Ind\2022_10_02\trades.dat,587785,6112,1096.001,PASS,
2022-10-04,C:\Users\k_99_\AppData\Roaming\ATAS\Cache_v2\NQ@CME_Ind\2022_10_03\trades.dat,640546,4,2.0002,PASS,
2022-10-05,C:\Users\k_99_\AppData\Roaming\ATAS\Cache_v2\NQ@CME_Ind\2022_10_04\trades.dat,587794,1,4.0001,PASS,
2022-10-06,C:\Users\k_99_\AppData\Roaming\ATAS\Cache_v2\NQ@CME_Ind\2022_10_05\trades.dat,650109,2,4.0,PASS,
2022-10-07,C:\Users\k_99_\AppData\Roaming\ATAS\Cache_v2\NQ@CME_Ind\2022_10_06\trades.dat,635342,2,1.0004,PASS,
2022-10-10,C:\Users\k_99_\AppData\Roaming\ATAS\Cache_v2\NQ@CME_Ind\2022_10_09\trades.dat,617597,1,1.0002,PASS,
2022-10-11,C:\Users\k_99_\AppData\Roaming\ATAS\Cache_v2\NQ@CME_Ind\2022_10_10\trades.dat,691504,2,4.0,PASS,
2022-10-12,C:\Users\k_99_\AppData\Roaming\ATAS\Cache_v2\NQ@CME_Ind\2022_10_11\trades.dat,621068,1,5.0001,PASS,
2022-10-13,C:\Users\k_99_\AppData\Roaming\ATAS\Cache_v2\NQ@CME_Ind\2022_10_12\trades.dat,899844,2,2.0002,PASS,
2022-10-14,C:\Users\k_99_\AppData\Roaming\ATAS\Cache_v2\NQ@CME_Ind\2022_10_13\trades.dat,701570,1,1.0003,PASS,
2022-10-17,C:\Users\k_99_\AppData\Roaming\ATAS\Cache_v2\NQ@CME_Ind\2022_10_16\trades.dat,521360,0,0.0,PASS,
2022-10-18,C:\Users\k_99_\AppData\Roaming\ATAS\Cache_v2\NQ@CME_Ind\2022_10_17\trades.dat,674511,1,1.0,PASS,
2022-10-19,C:\Users\k_99_\AppData\Roaming\ATAS\Cache_v2\NQ@CME_Ind\2022_10_18\trades.dat,603404,0,0.0,PASS,
2022-10-20,C:\Users\k_99_\AppData\Roaming\ATAS\Cache_v2\NQ@CME_Ind\2022_10_19\trades.dat,603435,0,0.0,PASS,
2022-10-21,C:\Users\k_99_\AppData\Roaming\ATAS\Cache_v2\NQ@CME_Ind\2022_10_20\trades.dat,708460,0,0.0,PASS,
2022-10-24,C:\Users\k_99_\AppData\Roaming\ATAS\Cache_v2\NQ@CME_Ind\2022_10_23\trades.dat,577655,0,0.0,PASS,
2022-10-25,C:\Users\k_99_\AppData\Roaming\ATAS\Cache_v2\NQ@CME_Ind\2022_10_24\trades.dat,519141,0,0.0,PASS,
2022-10-26,C:\Users\k_99_\AppData\Roaming\ATAS\Cache_v2\NQ@CME_Ind\2022_10_25\trades.dat,614138,1,1.0,PASS,
2022-10-27,C:\Users\k_99_\AppData\Roaming\ATAS\Cache_v2\NQ@CME_Ind\2022_10_26\trades.dat,582524,2,1.0,PASS,
2022-10-28,C:\Users\k_99_\AppData\Roaming\ATAS\Cache_v2\NQ@CME_Ind\2022_10_27\trades.dat,596882,0,0.0,PASS,
2022-10-31,C:\Users\k_99_\AppData\Roaming\ATAS\Cache_v2\NQ@CME_Ind\2022_10_30\trades.dat,512689,0,0.0,PASS,
2022-11-01,C:\Users\k_99_\AppData\Roaming\ATAS\Cache_v2\NQ@CME_Ind\2022_10_31\trades.dat,510965,0,0.0,PASS,
2022-11-02,C:\Users\k_99_\AppData\Roaming\ATAS\Cache_v2\NQ@CME_Ind\2022_11_01\trades.dat,640253,0,0.0,PASS,
2022-11-03,C:\Users\k_99_\AppData\Roaming\ATAS\Cache_v2\NQ@CME_Ind\2022_11_02\trades.dat,588404,0,0.0,PASS,
2022-11-04,C:\Users\k_99_\AppData\Roaming\ATAS\Cache_v2\NQ@CME_Ind\2022_11_03\trades.dat,744648,0,0.0,PASS,
2022-11-07,C:\Users\k_99_\AppData\Roaming\ATAS\Cache_v2\NQ@CME_Ind\2022_11_06\trades.dat,451023,0,0.0,PASS,
2022-11-08,C:\Users\k_99_\AppData\Roaming\ATAS\Cache_v2\NQ@CME_Ind\2022_11_07\trades.dat,619696,0,0.0,PASS,
2022-11-09,C:\Users\k_99_\AppData\Roaming\ATAS\Cache_v2\NQ@CME_Ind\2022_11_08\trades.dat,546664,0,0.0,PASS,
2022-11-10,C:\Users\k_99_\AppData\Roaming\ATAS\Cache_v2\NQ@CME_Ind\2022_11_09\trades.dat,707446,0,0.0,PASS,
2022-11-11,C:\Users\k_99_\AppData\Roaming\ATAS\Cache_v2\NQ@CME_Ind\2022_11_10\trades.dat,573312,0,0.0,PASS,
2022-11-14,C:\Users\k_99_\AppData\Roaming\ATAS\Cache_v2\NQ@CME_Ind\2022_11_13\trades.dat,482419,499,30.0,PASS,
2022-11-15,C:\Users\k_99_\AppData\Roaming\ATAS\Cache_v2\NQ@CME_Ind\2022_11_14\trades.dat,663911,1351,31.0002,PASS,
2022-11-16,C:\Users\k_99_\AppData\Roaming\ATAS\Cache_v2\NQ@CME_Ind\2022_11_15\trades.dat,465007,594,28.0002,PASS,
2022-11-17,C:\Users\k_99_\AppData\Roaming\ATAS\Cache_v2\NQ@CME_Ind\2022_11_16\trades.dat,553274,492,28.0,PASS,
2022-11-18,C:\Users\k_99_\AppData\Roaming\ATAS\Cache_v2\NQ@CME_Ind\2022_11_17\trades.dat,490752,529,26.0,PASS,
2022-11-21,C:\Users\k_99_\AppData\Roaming\ATAS\Cache_v2\NQ@CME_Ind\2022_11_20\trades.dat,395159,2,1.0009,PASS,
2022-11-22,C:\Users\k_99_\AppData\Roaming\ATAS\Cache_v2\NQ@CME_Ind\2022_11_21\trades.dat,399610,2,1.0002,PASS,
2022-11-23,C:\Users\k_99_\AppData\Roaming\ATAS\Cache_v2\NQ@CME_Ind\2022_11_22\trades.dat,402260,0,0.0,PASS,
2022-11-24,C:\Users\k_99_\AppData\Roaming\ATAS\Cache_v2\NQ@CME_Ind\2022_11_23\trades.dat,42909,0,0.0,PASS,
2022-11-25,C:\Users\k_99_\AppData\Roaming\ATAS\Cache_v2\NQ@CME_Ind\2022_11_24\trades.dat,160560,0,0.0,PASS,
2022-11-28,C:\Users\k_99_\AppData\Roaming\ATAS\Cache_v2\NQ@CME_Ind\2022_11_27\trades.dat,409244,2,1.0001,PASS,
2022-11-29,C:\Users\k_99_\AppData\Roaming\ATAS\Cache_v2\NQ@CME_Ind\2022_11_28\trades.dat,444507,0,0.0,PASS,
2022-11-30,C:\Users\k_99_\AppData\Roaming\ATAS\Cache_v2\NQ@CME_Ind\2022_11_29\trades.dat,611820,1,1.0013,PASS,
2022-12-01,C:\Users\k_99_\AppData\Roaming\ATAS\Cache_v2\NQ@CME_Ind\2022_11_30\trades.dat,521235,0,0.0,PASS,
2022-12-02,C:\Users\k_99_\AppData\Roaming\ATAS\Cache_v2\NQ@CME_Ind\2022_12_01\trades.dat,491973,2,1.0001,PASS,
2022-12-05,C:\Users\k_99_\AppData\Roaming\ATAS\Cache_v2\NQ@CME_Ind\2022_12_04\trades.dat,447227,2,1.0001,PASS,
2022-12-06,C:\Users\k_99_\AppData\Roaming\ATAS\Cache_v2\NQ@CME_Ind\2022_12_05\trades.dat,535419,2,1.0005,PASS,
2022-12-07,C:\Users\k_99_\AppData\Roaming\ATAS\Cache_v2\NQ@CME_Ind\2022_12_06\trades.dat,541310,1,1.0,PASS,
2022-12-08,C:\Users\k_99_\AppData\Roaming\ATAS\Cache_v2\NQ@CME_Ind\2022_12_07\trades.dat,469163,0,0.0,PASS,
2022-12-09,C:\Users\k_99_\AppData\Roaming\ATAS\Cache_v2\NQ@CME_Ind\2022_12_08\trades.dat,373125,0,0.0,PASS,
2022-12-12,C:\Users\k_99_\AppData\Roaming\ATAS\Cache_v2\NQ@CME_Ind\2022_12_11\trades.dat,233348,0,0.0,PASS,
2022-12-13,C:\Users\k_99_\AppData\Roaming\ATAS\Cache_v2\NQ@CME_Ind\2022_12_12\trades.dat,578899,0,0.0,PASS,
2022-12-14,C:\Users\k_99_\AppData\Roaming\ATAS\Cache_v2\NQ@CME_Ind\2022_12_13\trades.dat,496759,1,1.0,PASS,
2022-12-15,C:\Users\k_99_\AppData\Roaming\ATAS\Cache_v2\NQ@CME_Ind\2022_12_14\trades.dat,529908,2,1.0001,PASS,
2022-12-16,C:\Users\k_99_\AppData\Roaming\ATAS\Cache_v2\NQ@CME_Ind\2022_12_15\trades.dat,548561,0,0.0,PASS,
2022-12-19,C:\Users\k_99_\AppData\Roaming\ATAS\Cache_v2\NQ@CME_Ind\2022_12_18\trades.dat,468534,1,1.0,PASS,
2022-12-20,C:\Users\k_99_\AppData\Roaming\ATAS\Cache_v2\NQ@CME_Ind\2022_12_19\trades.dat,507595,1,1.0,PASS,
2022-12-21,C:\Users\k_99_\AppData\Roaming\ATAS\Cache_v2\NQ@CME_Ind\2022_12_20\trades.dat,514193,0,0.0,PASS,
2022-12-22,C:\Users\k_99_\AppData\Roaming\ATAS\Cache_v2\NQ@CME_Ind\2022_12_21\trades.dat,602601,1,1.0,PASS,
2022-12-23,C:\Users\k_99_\AppData\Roaming\ATAS\Cache_v2\NQ@CME_Ind\2022_12_22\trades.dat,456754,0,0.0,PASS,
2022-12-26,,0,0,0.0,UNREADABLE,"ValueError: Invalid context scale: tick_size=0.0, lot_size=0.0"
2022-12-27,C:\Users\k_99_\AppData\Roaming\ATAS\Cache_v2\NQ@CME_Ind\2022_12_26\trades.dat,417946,0,0.0,PASS,
2022-12-28,C:\Users\k_99_\AppData\Roaming\ATAS\Cache_v2\NQ@CME_Ind\2022_12_27\trades.dat,532444,2,222135.0,PASS,
2022-12-29,C:\Users\k_99_\AppData\Roaming\ATAS\Cache_v2\NQ@CME_Ind\2022_12_28\trades.dat,394479,0,0.0,PASS,
2022-12-30,C:\Users\k_99_\AppData\Roaming\ATAS\Cache_v2\NQ@CME_Ind\2022_12_29\trades.dat,395721,1,1.0,PASS,
