Scope,Feature,Value,n,wins,losses,wr,pf,avg_r,net_r
ALL_CAUSAL_CANDIDATES,HourNY_AtEntry,10.0,282,65,217,0.23049645390070922,0.5836623410138249,-0.320373304964539,-90.345272
ALL_CAUSAL_CANDIDATES,HourNY_AtEntry,11.0,270,58,212,0.21481481481481482,0.5415778652252704,-0.35889648888888886,-96.902052
ALL_CAUSAL_CANDIDATES,HourNY_AtEntry,12.0,209,48,161,0.22966507177033493,0.5673360465926831,-0.3313682918660287,-69.255973
ALL_CAUSAL_CANDIDATES,HourNY_AtEntry,15.0,172,38,134,0.22093023255813954,0.5162567906346712,-0.3724738197674418,-64.065497
ALL_CAUSAL_CANDIDATES,HourNY_AtEntry,14.0,153,39,114,0.2549019607843137,0.6801412543859648,-0.23832612418300655,-36.463897
ALL_CAUSAL_CANDIDATES,HourNY_AtEntry,13.0,142,40,102,0.28169014084507044,0.7843137254901961,-0.15492957746478872,-22.0
ALL_CAUSAL_CANDIDATES,HourNY_AtEntry,9.0,43,11,32,0.2558139534883721,0.6875,-0.23255813953488372,-10.0
ALL_CAUSAL_CANDIDATES,Month_AtEntry,7.0,219,37,182,0.1689497716894977,0.3885738021978022,-0.5081258812785387,-111.279568
ALL_CAUSAL_CANDIDATES,Month_AtEntry,6.0,213,52,161,0.24413145539906103,0.6382166604467762,-0.2720627511737089,-57.949366
ALL_CAUSAL_CANDIDATES,Month_AtEntry,5.0,200,53,147,0.265,0.7013193465762633,-0.218606915,-43.721383
ALL_CAUSAL_CANDIDATES,Month_AtEntry,4.0,190,45,145,0.23684210526315788,0.598904075862069,-0.30609952105263155,-58.158908999999994
ALL_CAUSAL_CANDIDATES,Month_AtEntry,3.0,139,26,113,0.18705035971223022,0.42473893805309737,-0.467658273381295,-65.00450000000001
ALL_CAUSAL_CANDIDATES,Month_AtEntry,10.0,115,33,82,0.28695652173913044,0.7951534260264296,-0.14308754782608693,-16.455067999999997
ALL_CAUSAL_CANDIDATES,Month_AtEntry,8.0,101,28,73,0.27722772277227725,0.7607685342465753,-0.1729098712871287,-17.463897
ALL_CAUSAL_CANDIDATES,Month_AtEntry,9.0,94,25,69,0.26595744680851063,0.7246376811594203,-0.20212765957446807,-19.0
ALL_CAUSAL_CANDIDATES,Pivot_AtEntry,SUPERIOR,686,153,533,0.2230320699708455,0.560140078174077,-0.3408861239067056,-233.84788100000003
ALL_CAUSAL_CANDIDATES,Pivot_AtEntry,INFERIOR,585,146,439,0.24957264957264957,0.6450855882234843,-0.2652731794871795,-155.18481
ALL_CAUSAL_CANDIDATES,Side_AtEntry,SHORT,686,153,533,0.2230320699708455,0.560140078174077,-0.3408861239067056,-233.84788100000003
ALL_CAUSAL_CANDIDATES,Side_AtEntry,LONG,585,146,439,0.24957264957264957,0.6450855882234843,-0.2652731794871795,-155.18481
ALL_CAUSAL_CANDIDATES,Weekday_AtEntry,3.0,281,59,222,0.2099644128113879,0.5252901081081082,-0.37503770818505333,-105.38559599999999
ALL_CAUSAL_CANDIDATES,Weekday_AtEntry,1.0,266,68,198,0.2556390977443609,0.6764700493824378,-0.23992300751879697,-63.81952
ALL_CAUSAL_CANDIDATES,Weekday_AtEntry,2.0,257,56,201,0.2178988326848249,0.5542665079679292,-0.34592117509727627,-88.901742
ALL_CAUSAL_CANDIDATES,Weekday_AtEntry,4.0,235,60,175,0.2553191489361702,0.6430277136091725,-0.26458024680851067,-62.176358
ALL_CAUSAL_CANDIDATES,Weekday_AtEntry,0.0,232,56,176,0.2413793103448276,0.6093779829545455,-0.2963339439655172,-68.74947499999999
CONFIRMED_LATER_SUBSET,HourNY_AtEntry,10.0,21,7,14,0.3333333333333333,1.0,0.0,0.0
CONFIRMED_LATER_SUBSET,HourNY_AtEntry,13.0,21,14,7,0.6666666666666666,4.0,1.0,21.0
CONFIRMED_LATER_SUBSET,HourNY_AtEntry,12.0,20,3,17,0.15,0.35294117647058826,-0.55,-11.0
CONFIRMED_LATER_SUBSET,HourNY_AtEntry,14.0,18,7,11,0.3888888888888889,1.2727272727272727,0.16666666666666666,3.0
CONFIRMED_LATER_SUBSET,HourNY_AtEntry,11.0,14,5,9,0.35714285714285715,1.1111111111111112,0.07142857142857142,1.0
CONFIRMED_LATER_SUBSET,HourNY_AtEntry,15.0,14,6,8,0.42857142857142855,1.5,0.2857142857142857,4.0
CONFIRMED_LATER_SUBSET,HourNY_AtEntry,9.0,5,3,2,0.6,3.0,0.8,4.0
CONFIRMED_LATER_SUBSET,Month_AtEntry,4.0,22,9,13,0.4090909090909091,1.3846153846153846,0.22727272727272727,5.0
CONFIRMED_LATER_SUBSET,Month_AtEntry,6.0,19,7,12,0.3684210526315789,1.1666666666666667,0.10526315789473684,2.0
CONFIRMED_LATER_SUBSET,Month_AtEntry,7.0,18,7,11,0.3888888888888889,1.2727272727272727,0.16666666666666666,3.0
CONFIRMED_LATER_SUBSET,Month_AtEntry,5.0,15,6,9,0.4,1.3333333333333333,0.2,3.0
CONFIRMED_LATER_SUBSET,Month_AtEntry,8.0,13,5,8,0.38461538461538464,1.25,0.15384615384615385,2.0
CONFIRMED_LATER_SUBSET,Month_AtEntry,10.0,11,4,7,0.36363636363636365,1.1428571428571428,0.09090909090909091,1.0
CONFIRMED_LATER_SUBSET,Month_AtEntry,3.0,8,2,6,0.25,0.6666666666666666,-0.25,-2.0
CONFIRMED_LATER_SUBSET,Month_AtEntry,9.0,7,5,2,0.7142857142857143,5.0,1.1428571428571428,8.0
CONFIRMED_LATER_SUBSET,Pivot_AtEntry,SUPERIOR,63,23,40,0.36507936507936506,1.15,0.09523809523809523,6.0
CONFIRMED_LATER_SUBSET,Pivot_AtEntry,INFERIOR,50,22,28,0.44,1.5714285714285714,0.32,16.0
CONFIRMED_LATER_SUBSET,Side_AtEntry,SHORT,63,23,40,0.36507936507936506,1.15,0.09523809523809523,6.0
CONFIRMED_LATER_SUBSET,Side_AtEntry,LONG,50,22,28,0.44,1.5714285714285714,0.32,16.0
CONFIRMED_LATER_SUBSET,Weekday_AtEntry,4.0,32,14,18,0.4375,1.5555555555555556,0.3125,10.0
CONFIRMED_LATER_SUBSET,Weekday_AtEntry,2.0,22,7,15,0.3181818181818182,0.9333333333333333,-0.045454545454545456,-1.0
CONFIRMED_LATER_SUBSET,Weekday_AtEntry,1.0,20,9,11,0.45,1.6363636363636365,0.35,7.0
CONFIRMED_LATER_SUBSET,Weekday_AtEntry,3.0,20,7,13,0.35,1.0769230769230769,0.05,1.0
CONFIRMED_LATER_SUBSET,Weekday_AtEntry,0.0,19,8,11,0.42105263157894735,1.4545454545454546,0.2631578947368421,5.0
