request_id,pilot_stage,selection_seed,selection_hash,fecha,year,BurstId,family_label_only,burst_side,burst_price,reference_level,burst_timestamp_utc,strategy_decision_timestamp_utc,strict_feature_cutoff_utc_exclusive,dataset,schema,symbols,stype_in,stype_out,resolved_instrument_id,resolved_raw_symbol,symbology_resolution_status,start_utc,end_utc_exclusive,causal_cutoff_utc_inclusive,requested_hours,require_snapshot,holiday_exclusion_pass,predictor_policy,same_millisecond_policy,event_packet_policy
NQ_MBO_SNAPSHOT_2022-04-05_LB_20220405_093200_BUY_0001,DISCOVERY_100,MBO_SNAPSHOT_PILOT_V1_20260723,0e7f5e46b5890a4f8319be969b4ee8cae22c978f73fa0038b4421422c065a1b1,2022-04-05,2022,LB_20220405_093200_BUY_0001,A_TRUE_ABSORPTION,BUY,15135.0,15130.0,2022-04-05T13:32:00.000000Z,2022-04-05T13:32:01.026000Z,2022-04-05T13:32:01.026000Z,GLBX.MDP3,mbo,NQ.v.0,continuous,instrument_id,,,PENDING_METADATA_RESOLUTION,2022-04-05T00:00:00.000000Z,2022-04-05T13:32:01.026000Z,2022-04-05T13:32:01.025999999Z,13.533618333333333,True,True,PREDECISION_ONLY_NO_MFE_MAE_TP_SL_PNL,EXCLUDE_ENTIRE_DECISION_MILLISECOND,ONLY_F_LAST_COMPLETED_BEFORE_EXCLUSIVE_CUTOFF
NQ_MBO_SNAPSHOT_2022-04-06_LB_20220406_093100_BUY_0001,DISCOVERY_100,MBO_SNAPSHOT_PILOT_V1_20260723,233d1896a454d9c348da0b6bd899a660bb5ac84ff0a1a96c12228e029324b544,2022-04-06,2022,LB_20220406_093100_BUY_0001,C_MIXED_PATH,BUY,14643.75,14635.0,2022-04-06T13:31:00.000000Z,2022-04-06T13:31:01.004000Z,2022-04-06T13:31:01.004000Z,GLBX.MDP3,mbo,NQ.v.0,continuous,instrument_id,,,PENDING_METADATA_RESOLUTION,2022-04-06T00:00:00.000000Z,2022-04-06T13:31:01.004000Z,2022-04-06T13:31:01.003999999Z,13.516945555555555,True,True,PREDECISION_ONLY_NO_MFE_MAE_TP_SL_PNL,EXCLUDE_ENTIRE_DECISION_MILLISECOND,ONLY_F_LAST_COMPLETED_BEFORE_EXCLUSIVE_CUTOFF
NQ_MBO_SNAPSHOT_2022-04-26_LB_20220426_093143_SELL_0001,DISCOVERY_100,MBO_SNAPSHOT_PILOT_V1_20260723,f0277afbfc305d231b4908195b093d588ac980bcafc116d5a280000b1e79ee8d,2022-04-26,2022,LB_20220426_093143_SELL_0001,C_MIXED_PATH,SELL,13405.0,13413.75,2022-04-26T13:31:43.000000Z,2022-04-26T13:31:44.003000Z,2022-04-26T13:31:44.003000Z,GLBX.MDP3,mbo,NQ.v.0,continuous,instrument_id,,,PENDING_METADATA_RESOLUTION,2022-04-26T00:00:00.000000Z,2022-04-26T13:31:44.003000Z,2022-04-26T13:31:44.002999999Z,13.528889722222221,True,True,PREDECISION_ONLY_NO_MFE_MAE_TP_SL_PNL,EXCLUDE_ENTIRE_DECISION_MILLISECOND,ONLY_F_LAST_COMPLETED_BEFORE_EXCLUSIVE_CUTOFF
NQ_MBO_SNAPSHOT_2022-04-27_LB_20220427_093500_BUY_0001,DISCOVERY_100,MBO_SNAPSHOT_PILOT_V1_20260723,ec1f1cc9082cf20a096b3e13f763c936709a526c652e4ff8a994c0e38c89699f,2022-04-27,2022,LB_20220427_093500_BUY_0001,A_TRUE_ABSORPTION,BUY,13120.0,13070.0,2022-04-27T13:35:00.000000Z,2022-04-27T13:35:01.007000Z,2022-04-27T13:35:01.007000Z,GLBX.MDP3,mbo,NQ.v.0,continuous,instrument_id,,,PENDING_METADATA_RESOLUTION,2022-04-27T00:00:00.000000Z,2022-04-27T13:35:01.007000Z,2022-04-27T13:35:01.006999999Z,13.583613055555555,True,True,PREDECISION_ONLY_NO_MFE_MAE_TP_SL_PNL,EXCLUDE_ENTIRE_DECISION_MILLISECOND,ONLY_F_LAST_COMPLETED_BEFORE_EXCLUSIVE_CUTOFF
NQ_MBO_SNAPSHOT_2022-05-04_LB_20220504_093301_SELL_0001,DISCOVERY_100,MBO_SNAPSHOT_PILOT_V1_20260723,bab30b1cd8f3cfd3e8e2e4fbfa2070d5b54b4bd5f50aa4734fc88e612642ec5f,2022-05-04,2022,LB_20220504_093301_SELL_0001,A_TRUE_ABSORPTION,SELL,13075.0,13083.75,2022-05-04T13:33:01.000000Z,2022-05-04T13:33:02.005000Z,2022-05-04T13:33:02.005000Z,GLBX.MDP3,mbo,NQ.v.0,continuous,instrument_id,,,PENDING_METADATA_RESOLUTION,2022-05-04T00:00:00.000000Z,2022-05-04T13:33:02.005000Z,2022-05-04T13:33:02.004999999Z,13.550556944444443,True,True,PREDECISION_ONLY_NO_MFE_MAE_TP_SL_PNL,EXCLUDE_ENTIRE_DECISION_MILLISECOND,ONLY_F_LAST_COMPLETED_BEFORE_EXCLUSIVE_CUTOFF
NQ_MBO_SNAPSHOT_2022-05-09_LB_20220509_093112_BUY_0001,DISCOVERY_100,MBO_SNAPSHOT_PILOT_V1_20260723,c53493db976a32f08c97a072f9cdf71196caf103157241247306a400d798a3bc,2022-05-09,2022,LB_20220509_093112_BUY_0001,C_MIXED_PATH,BUY,12492.5,12481.25,2022-05-09T13:31:12.000000Z,2022-05-09T13:31:13.010000Z,2022-05-09T13:31:13.010000Z,GLBX.MDP3,mbo,NQ.v.0,continuous,instrument_id,,,PENDING_METADATA_RESOLUTION,2022-05-09T00:00:00.000000Z,2022-05-09T13:31:13.010000Z,2022-05-09T13:31:13.009999999Z,13.520280555555557,True,True,PREDECISION_ONLY_NO_MFE_MAE_TP_SL_PNL,EXCLUDE_ENTIRE_DECISION_MILLISECOND,ONLY_F_LAST_COMPLETED_BEFORE_EXCLUSIVE_CUTOFF
NQ_MBO_SNAPSHOT_2022-05-18_LB_20220518_093457_BUY_0001,DISCOVERY_100,MBO_SNAPSHOT_PILOT_V1_20260723,1524dd421bbdd3f7dc9f9ed13f3cd834f3b0c6143b599f217a3a479fa67a28b5,2022-05-18,2022,LB_20220518_093457_BUY_0001,C_MIXED_PATH,BUY,12378.75,12372.5,2022-05-18T13:34:57.000000Z,2022-05-18T13:34:58.072000Z,2022-05-18T13:34:58.072000Z,GLBX.MDP3,mbo,NQ.v.0,continuous,instrument_id,,,PENDING_METADATA_RESOLUTION,2022-05-18T00:00:00.000000Z,2022-05-18T13:34:58.072000Z,2022-05-18T13:34:58.071999999Z,13.582797777777778,True,True,PREDECISION_ONLY_NO_MFE_MAE_TP_SL_PNL,EXCLUDE_ENTIRE_DECISION_MILLISECOND,ONLY_F_LAST_COMPLETED_BEFORE_EXCLUSIVE_CUTOFF
NQ_MBO_SNAPSHOT_2022-05-20_LB_20220520_093501_SELL_0001,DISCOVERY_100,MBO_SNAPSHOT_PILOT_V1_20260723,77640a16c4ed68f7bfe8a69ea57e5d8e20dc426f9a6d4e1e28c0933406f92604,2022-05-20,2022,LB_20220520_093501_SELL_0001,B_CLEAN_BREAKOUT,SELL,11990.0,12011.25,2022-05-20T13:35:01.000000Z,2022-05-20T13:35:02.005000Z,2022-05-20T13:35:02.005000Z,GLBX.MDP3,mbo,NQ.v.0,continuous,instrument_id,,,PENDING_METADATA_RESOLUTION,2022-05-20T00:00:00.000000Z,2022-05-20T13:35:02.005000Z,2022-05-20T13:35:02.004999999Z,13.583890277777778,True,True,PREDECISION_ONLY_NO_MFE_MAE_TP_SL_PNL,EXCLUDE_ENTIRE_DECISION_MILLISECOND,ONLY_F_LAST_COMPLETED_BEFORE_EXCLUSIVE_CUTOFF
NQ_MBO_SNAPSHOT_2022-05-23_LB_20220523_093420_SELL_0001,DISCOVERY_100,MBO_SNAPSHOT_PILOT_V1_20260723,35348dffcd546655da16186e3a623cfc74202284b7a23b85c2a4fe0e8787a35f,2022-05-23,2022,LB_20220523_093420_SELL_0001,C_MIXED_PATH,SELL,11850.0,11855.0,2022-05-23T13:34:20.000000Z,2022-05-23T13:34:21.020000Z,2022-05-23T13:34:21.020000Z,GLBX.MDP3,mbo,NQ.v.0,continuous,instrument_id,,,PENDING_METADATA_RESOLUTION,2022-05-23T00:00:00.000000Z,2022-05-23T13:34:21.020000Z,2022-05-23T13:34:21.019999999Z,13.572505555555555,True,True,PREDECISION_ONLY_NO_MFE_MAE_TP_SL_PNL,EXCLUDE_ENTIRE_DECISION_MILLISECOND,ONLY_F_LAST_COMPLETED_BEFORE_EXCLUSIVE_CUTOFF
NQ_MBO_SNAPSHOT_2022-05-27_LB_20220527_093100_BUY_0001,DISCOVERY_100,MBO_SNAPSHOT_PILOT_V1_20260723,f9e1da04cffd03e10851300e619e84d285eb6b68246c9a78c44659592d22fdd6,2022-05-27,2022,LB_20220527_093100_BUY_0001,B_CLEAN_BREAKOUT,BUY,12437.5,12430.0,2022-05-27T13:31:00.000000Z,2022-05-27T13:31:01.019000Z,2022-05-27T13:31:01.019000Z,GLBX.MDP3,mbo,NQ.v.0,continuous,instrument_id,,,PENDING_METADATA_RESOLUTION,2022-05-27T00:00:00.000000Z,2022-05-27T13:31:01.019000Z,2022-05-27T13:31:01.018999999Z,13.516949722222222,True,True,PREDECISION_ONLY_NO_MFE_MAE_TP_SL_PNL,EXCLUDE_ENTIRE_DECISION_MILLISECOND,ONLY_F_LAST_COMPLETED_BEFORE_EXCLUSIVE_CUTOFF
NQ_MBO_SNAPSHOT_2022-06-08_LB_20220608_093102_SELL_0001,DISCOVERY_100,MBO_SNAPSHOT_PILOT_V1_20260723,5bcff685a0c12ad6376c1ff261ecb2b2b9f354885e77e831cb336d8cd119e876,2022-06-08,2022,LB_20220608_093102_SELL_0001,B_CLEAN_BREAKOUT,SELL,12648.75,12660.0,2022-06-08T13:31:02.000000Z,2022-06-08T13:31:03.007000Z,2022-06-08T13:31:03.007000Z,GLBX.MDP3,mbo,NQ.v.0,continuous,instrument_id,,,PENDING_METADATA_RESOLUTION,2022-06-08T00:00:00.000000Z,2022-06-08T13:31:03.007000Z,2022-06-08T13:31:03.006999999Z,13.517501944444444,True,True,PREDECISION_ONLY_NO_MFE_MAE_TP_SL_PNL,EXCLUDE_ENTIRE_DECISION_MILLISECOND,ONLY_F_LAST_COMPLETED_BEFORE_EXCLUSIVE_CUTOFF
NQ_MBO_SNAPSHOT_2022-06-13_LB_20220613_093107_SELL_0001,DISCOVERY_100,MBO_SNAPSHOT_PILOT_V1_20260723,337532b37415dd3f71b7683993f75f92598533dfc75b724f8fc5ee433445276f,2022-06-13,2022,LB_20220613_093107_SELL_0001,A_TRUE_ABSORPTION,SELL,11537.5,11493.75,2022-06-13T13:31:07.000000Z,2022-06-13T13:31:08.000000Z,2022-06-13T13:31:08.000000Z,GLBX.MDP3,mbo,NQ.v.0,continuous,instrument_id,,,PENDING_METADATA_RESOLUTION,2022-06-13T00:00:00.000000Z,2022-06-13T13:31:08.000000Z,2022-06-13T13:31:07.999999999Z,13.518888888888888,True,True,PREDECISION_ONLY_NO_MFE_MAE_TP_SL_PNL,EXCLUDE_ENTIRE_DECISION_MILLISECOND,ONLY_F_LAST_COMPLETED_BEFORE_EXCLUSIVE_CUTOFF
NQ_MBO_SNAPSHOT_2022-06-27_LB_20220627_093202_SELL_0001,DISCOVERY_100,MBO_SNAPSHOT_PILOT_V1_20260723,486d103a48a797e4a0569563d7e08afbc3e36405208cb3b0a23ce0228f9308d4,2022-06-27,2022,LB_20220627_093202_SELL_0001,B_CLEAN_BREAKOUT,SELL,12166.25,12173.75,2022-06-27T13:32:02.000000Z,2022-06-27T13:32:03.009000Z,2022-06-27T13:32:03.009000Z,GLBX.MDP3,mbo,NQ.v.0,continuous,instrument_id,,,PENDING_METADATA_RESOLUTION,2022-06-27T00:00:00.000000Z,2022-06-27T13:32:03.009000Z,2022-06-27T13:32:03.008999999Z,13.534169166666667,True,True,PREDECISION_ONLY_NO_MFE_MAE_TP_SL_PNL,EXCLUDE_ENTIRE_DECISION_MILLISECOND,ONLY_F_LAST_COMPLETED_BEFORE_EXCLUSIVE_CUTOFF
NQ_MBO_SNAPSHOT_2022-07-18_LB_20220718_093105_SELL_0001,DISCOVERY_100,MBO_SNAPSHOT_PILOT_V1_20260723,98443fc88071759d06e238815b4302da30c7688559dca2f7617da84a75608ad4,2022-07-18,2022,LB_20220718_093105_SELL_0001,C_MIXED_PATH,SELL,12096.25,12106.25,2022-07-18T13:31:05.000000Z,2022-07-18T13:31:06.004000Z,2022-07-18T13:31:06.004000Z,GLBX.MDP3,mbo,NQ.v.0,continuous,instrument_id,,,PENDING_METADATA_RESOLUTION,2022-07-18T00:00:00.000000Z,2022-07-18T13:31:06.004000Z,2022-07-18T13:31:06.003999999Z,13.518334444444445,True,True,PREDECISION_ONLY_NO_MFE_MAE_TP_SL_PNL,EXCLUDE_ENTIRE_DECISION_MILLISECOND,ONLY_F_LAST_COMPLETED_BEFORE_EXCLUSIVE_CUTOFF
NQ_MBO_SNAPSHOT_2022-07-19_LB_20220719_093600_SELL_0001,DISCOVERY_100,MBO_SNAPSHOT_PILOT_V1_20260723,6fabeefc52680ac881d8818a146133d35de9173f89e140573e90203e895cccaf,2022-07-19,2022,LB_20220719_093600_SELL_0001,C_MIXED_PATH,SELL,12028.75,12047.5,2022-07-19T13:36:00.000000Z,2022-07-19T13:36:01.015000Z,2022-07-19T13:36:01.015000Z,GLBX.MDP3,mbo,NQ.v.0,continuous,instrument_id,,,PENDING_METADATA_RESOLUTION,2022-07-19T00:00:00.000000Z,2022-07-19T13:36:01.015000Z,2022-07-19T13:36:01.014999999Z,13.600281944444445,True,True,PREDECISION_ONLY_NO_MFE_MAE_TP_SL_PNL,EXCLUDE_ENTIRE_DECISION_MILLISECOND,ONLY_F_LAST_COMPLETED_BEFORE_EXCLUSIVE_CUTOFF
NQ_MBO_SNAPSHOT_2022-07-20_LB_20220720_093414_BUY_0001,DISCOVERY_100,MBO_SNAPSHOT_PILOT_V1_20260723,f87a7dedd9b86aa31222edf989fe013c8fe929f908a2d570683f92eb6b6199e0,2022-07-20,2022,LB_20220720_093414_BUY_0001,B_CLEAN_BREAKOUT,BUY,12301.25,12298.75,2022-07-20T13:34:14.000000Z,2022-07-20T13:34:15.086000Z,2022-07-20T13:34:15.086000Z,GLBX.MDP3,mbo,NQ.v.0,continuous,instrument_id,,,PENDING_METADATA_RESOLUTION,2022-07-20T00:00:00.000000Z,2022-07-20T13:34:15.086000Z,2022-07-20T13:34:15.085999999Z,13.570857222222223,True,True,PREDECISION_ONLY_NO_MFE_MAE_TP_SL_PNL,EXCLUDE_ENTIRE_DECISION_MILLISECOND,ONLY_F_LAST_COMPLETED_BEFORE_EXCLUSIVE_CUTOFF
NQ_MBO_SNAPSHOT_2022-07-26_LB_20220726_093111_SELL_0001,DISCOVERY_100,MBO_SNAPSHOT_PILOT_V1_20260723,b7f636e027e264c152052b28e6f685c1dc35e65cc0c104bb64981ee87e41353c,2022-07-26,2022,LB_20220726_093111_SELL_0001,C_MIXED_PATH,SELL,12257.5,12270.0,2022-07-26T13:31:11.000000Z,2022-07-26T13:31:12.026000Z,2022-07-26T13:31:12.026000Z,GLBX.MDP3,mbo,NQ.v.0,continuous,instrument_id,,,PENDING_METADATA_RESOLUTION,2022-07-26T00:00:00.000000Z,2022-07-26T13:31:12.026000Z,2022-07-26T13:31:12.025999999Z,13.520007222222223,True,True,PREDECISION_ONLY_NO_MFE_MAE_TP_SL_PNL,EXCLUDE_ENTIRE_DECISION_MILLISECOND,ONLY_F_LAST_COMPLETED_BEFORE_EXCLUSIVE_CUTOFF
NQ_MBO_SNAPSHOT_2022-07-29_LB_20220729_093500_SELL_0001,DISCOVERY_100,MBO_SNAPSHOT_PILOT_V1_20260723,9d24fac4760fe7c33af6875bc5549b9c678f46e872970ace985f6bad22643b14,2022-07-29,2022,LB_20220729_093500_SELL_0001,B_CLEAN_BREAKOUT,SELL,12767.5,12788.75,2022-07-29T13:35:00.000000Z,2022-07-29T13:35:01.099000Z,2022-07-29T13:35:01.099000Z,GLBX.MDP3,mbo,NQ.v.0,continuous,instrument_id,,,PENDING_METADATA_RESOLUTION,2022-07-29T00:00:00.000000Z,2022-07-29T13:35:01.099000Z,2022-07-29T13:35:01.098999999Z,13.583638611111112,True,True,PREDECISION_ONLY_NO_MFE_MAE_TP_SL_PNL,EXCLUDE_ENTIRE_DECISION_MILLISECOND,ONLY_F_LAST_COMPLETED_BEFORE_EXCLUSIVE_CUTOFF
NQ_MBO_SNAPSHOT_2022-08-01_LB_20220801_093127_SELL_0001,DISCOVERY_100,MBO_SNAPSHOT_PILOT_V1_20260723,edec99f8cfb877d52925e7fc41a115ed3fdc9f2adf971c39eddf58a5ebcab665,2022-08-01,2022,LB_20220801_093127_SELL_0001,C_MIXED_PATH,SELL,12876.25,12892.5,2022-08-01T13:31:27.000000Z,2022-08-01T13:31:28.101000Z,2022-08-01T13:31:28.101000Z,GLBX.MDP3,mbo,NQ.v.0,continuous,instrument_id,,,PENDING_METADATA_RESOLUTION,2022-08-01T00:00:00.000000Z,2022-08-01T13:31:28.101000Z,2022-08-01T13:31:28.100999999Z,13.5244725,True,True,PREDECISION_ONLY_NO_MFE_MAE_TP_SL_PNL,EXCLUDE_ENTIRE_DECISION_MILLISECOND,ONLY_F_LAST_COMPLETED_BEFORE_EXCLUSIVE_CUTOFF
NQ_MBO_SNAPSHOT_2022-08-04_LB_20220804_093511_BUY_0001,DISCOVERY_100,MBO_SNAPSHOT_PILOT_V1_20260723,b23a8a689623e186ec9f56b459e86169790665e044824812a1addd7d196fb91d,2022-08-04,2022,LB_20220804_093511_BUY_0001,A_TRUE_ABSORPTION,BUY,13305.0,13278.75,2022-08-04T13:35:11.000000Z,2022-08-04T13:35:12.032000Z,2022-08-04T13:35:12.032000Z,GLBX.MDP3,mbo,NQ.v.0,continuous,instrument_id,,,PENDING_METADATA_RESOLUTION,2022-08-04T00:00:00.000000Z,2022-08-04T13:35:12.032000Z,2022-08-04T13:35:12.031999999Z,13.586675555555555,True,True,PREDECISION_ONLY_NO_MFE_MAE_TP_SL_PNL,EXCLUDE_ENTIRE_DECISION_MILLISECOND,ONLY_F_LAST_COMPLETED_BEFORE_EXCLUSIVE_CUTOFF
NQ_MBO_SNAPSHOT_2022-08-09_LB_20220809_093105_SELL_0001,DISCOVERY_100,MBO_SNAPSHOT_PILOT_V1_20260723,3b8295f7a9d22d291303af88c8bb7dd46a3e4a0d1a0faefe9ebb1ff9fb47e5af,2022-08-09,2022,LB_20220809_093105_SELL_0001,B_CLEAN_BREAKOUT,SELL,13072.5,13080.0,2022-08-09T13:31:05.000000Z,2022-08-09T13:31:06.048000Z,2022-08-09T13:31:06.048000Z,GLBX.MDP3,mbo,NQ.v.0,continuous,instrument_id,,,PENDING_METADATA_RESOLUTION,2022-08-09T00:00:00.000000Z,2022-08-09T13:31:06.048000Z,2022-08-09T13:31:06.047999999Z,13.518346666666668,True,True,PREDECISION_ONLY_NO_MFE_MAE_TP_SL_PNL,EXCLUDE_ENTIRE_DECISION_MILLISECOND,ONLY_F_LAST_COMPLETED_BEFORE_EXCLUSIVE_CUTOFF
NQ_MBO_SNAPSHOT_2022-08-15_LB_20220815_093300_BUY_0001,DISCOVERY_100,MBO_SNAPSHOT_PILOT_V1_20260723,6ee1c1fa372a40bdf883ff025e1899fde0c8935ba8d6ae90d63ad2f0b3724907,2022-08-15,2022,LB_20220815_093300_BUY_0001,B_CLEAN_BREAKOUT,BUY,13583.75,13566.25,2022-08-15T13:33:00.000000Z,2022-08-15T13:33:01.053000Z,2022-08-15T13:33:01.053000Z,GLBX.MDP3,mbo,NQ.v.0,continuous,instrument_id,,,PENDING_METADATA_RESOLUTION,2022-08-15T00:00:00.000000Z,2022-08-15T13:33:01.053000Z,2022-08-15T13:33:01.052999999Z,13.5502925,True,True,PREDECISION_ONLY_NO_MFE_MAE_TP_SL_PNL,EXCLUDE_ENTIRE_DECISION_MILLISECOND,ONLY_F_LAST_COMPLETED_BEFORE_EXCLUSIVE_CUTOFF
NQ_MBO_SNAPSHOT_2022-08-17_LB_20220817_093558_BUY_0001,DISCOVERY_100,MBO_SNAPSHOT_PILOT_V1_20260723,ed6ba0b63988ff342f028c0eccd797189b1301a407b00f10419a55e772fb7e1f,2022-08-17,2022,LB_20220817_093558_BUY_0001,A_TRUE_ABSORPTION,BUY,13561.25,13536.25,2022-08-17T13:35:58.000000Z,2022-08-17T13:35:59.026000Z,2022-08-17T13:35:59.026000Z,GLBX.MDP3,mbo,NQ.v.0,continuous,instrument_id,,,PENDING_METADATA_RESOLUTION,2022-08-17T00:00:00.000000Z,2022-08-17T13:35:59.026000Z,2022-08-17T13:35:59.025999999Z,13.599729444444444,True,True,PREDECISION_ONLY_NO_MFE_MAE_TP_SL_PNL,EXCLUDE_ENTIRE_DECISION_MILLISECOND,ONLY_F_LAST_COMPLETED_BEFORE_EXCLUSIVE_CUTOFF
NQ_MBO_SNAPSHOT_2022-08-31_LB_20220831_093400_SELL_0001,DISCOVERY_100,MBO_SNAPSHOT_PILOT_V1_20260723,084924b3c8bf0f485a80d2e7b0deff6872c43a740ef84af9d851307bea495349,2022-08-31,2022,LB_20220831_093400_SELL_0001,B_CLEAN_BREAKOUT,SELL,12430.0,12435.0,2022-08-31T13:34:00.000000Z,2022-08-31T13:34:01.039000Z,2022-08-31T13:34:01.039000Z,GLBX.MDP3,mbo,NQ.v.0,continuous,instrument_id,,,PENDING_METADATA_RESOLUTION,2022-08-31T00:00:00.000000Z,2022-08-31T13:34:01.039000Z,2022-08-31T13:34:01.038999999Z,13.566955277777778,True,True,PREDECISION_ONLY_NO_MFE_MAE_TP_SL_PNL,EXCLUDE_ENTIRE_DECISION_MILLISECOND,ONLY_F_LAST_COMPLETED_BEFORE_EXCLUSIVE_CUTOFF
NQ_MBO_SNAPSHOT_2022-09-01_LB_20220901_093124_SELL_0002,DISCOVERY_100,MBO_SNAPSHOT_PILOT_V1_20260723,eacc34171f237488e608c8b689656e16842abdc9ca4844da71d08c5856602e1b,2022-09-01,2022,LB_20220901_093124_SELL_0002,B_CLEAN_BREAKOUT,SELL,12158.75,12163.75,2022-09-01T13:31:24.000000Z,2022-09-01T13:31:25.053000Z,2022-09-01T13:31:25.053000Z,GLBX.MDP3,mbo,NQ.v.0,continuous,instrument_id,,,PENDING_METADATA_RESOLUTION,2022-09-01T00:00:00.000000Z,2022-09-01T13:31:25.053000Z,2022-09-01T13:31:25.052999999Z,13.523625833333334,True,True,PREDECISION_ONLY_NO_MFE_MAE_TP_SL_PNL,EXCLUDE_ENTIRE_DECISION_MILLISECOND,ONLY_F_LAST_COMPLETED_BEFORE_EXCLUSIVE_CUTOFF
NQ_MBO_SNAPSHOT_2022-09-06_LB_20220906_093405_BUY_0001,DISCOVERY_100,MBO_SNAPSHOT_PILOT_V1_20260723,cdefab0d8ee371c1033d0f0ba7a5c681d29f37c98e7ec612284345ebd52430ad,2022-09-06,2022,LB_20220906_093405_BUY_0001,C_MIXED_PATH,BUY,12106.25,12166.25,2022-09-06T13:34:05.000000Z,2022-09-06T13:34:06.074000Z,2022-09-06T13:34:06.074000Z,GLBX.MDP3,mbo,NQ.v.0,continuous,instrument_id,,,PENDING_METADATA_RESOLUTION,2022-09-06T00:00:00.000000Z,2022-09-06T13:34:06.074000Z,2022-09-06T13:34:06.073999999Z,13.56835388888889,True,True,PREDECISION_ONLY_NO_MFE_MAE_TP_SL_PNL,EXCLUDE_ENTIRE_DECISION_MILLISECOND,ONLY_F_LAST_COMPLETED_BEFORE_EXCLUSIVE_CUTOFF
NQ_MBO_SNAPSHOT_2022-09-28_LB_20220928_093328_SELL_0001,DISCOVERY_100,MBO_SNAPSHOT_PILOT_V1_20260723,a18dc81cf11419fe473cd80131abd7e217ac222b40eb4853bced2855d8ea2bb3,2022-09-28,2022,LB_20220928_093328_SELL_0001,B_CLEAN_BREAKOUT,SELL,11297.5,11307.5,2022-09-28T13:33:28.000000Z,2022-09-28T13:33:29.039000Z,2022-09-28T13:33:29.039000Z,GLBX.MDP3,mbo,NQ.v.0,continuous,instrument_id,,,PENDING_METADATA_RESOLUTION,2022-09-28T00:00:00.000000Z,2022-09-28T13:33:29.039000Z,2022-09-28T13:33:29.038999999Z,13.558066388888887,True,True,PREDECISION_ONLY_NO_MFE_MAE_TP_SL_PNL,EXCLUDE_ENTIRE_DECISION_MILLISECOND,ONLY_F_LAST_COMPLETED_BEFORE_EXCLUSIVE_CUTOFF
NQ_MBO_SNAPSHOT_2022-10-11_LB_20221011_093101_SELL_0001,DISCOVERY_100,MBO_SNAPSHOT_PILOT_V1_20260723,b3403fd967412a8cd783b71b5688307ea9c0fa6a6d59c896854ad497ec4ce069,2022-10-11,2022,LB_20221011_093101_SELL_0001,C_MIXED_PATH,SELL,10905.0,10911.25,2022-10-11T13:31:01.000000Z,2022-10-11T13:31:02.078000Z,2022-10-11T13:31:02.078000Z,GLBX.MDP3,mbo,NQ.v.0,continuous,instrument_id,,,PENDING_METADATA_RESOLUTION,2022-10-11T00:00:00.000000Z,2022-10-11T13:31:02.078000Z,2022-10-11T13:31:02.077999999Z,13.517243888888888,True,True,PREDECISION_ONLY_NO_MFE_MAE_TP_SL_PNL,EXCLUDE_ENTIRE_DECISION_MILLISECOND,ONLY_F_LAST_COMPLETED_BEFORE_EXCLUSIVE_CUTOFF
NQ_MBO_SNAPSHOT_2022-10-18_LB_20221018_093155_SELL_0001,DISCOVERY_100,MBO_SNAPSHOT_PILOT_V1_20260723,6349d692a2ada28b32c2a39c73c8a3ae26177d72c93438b5fdd33489762aef8e,2022-10-18,2022,LB_20221018_093155_SELL_0001,C_MIXED_PATH,SELL,11400.0,11402.5,2022-10-18T13:31:55.000000Z,2022-10-18T13:31:56.038000Z,2022-10-18T13:31:56.038000Z,GLBX.MDP3,mbo,NQ.v.0,continuous,instrument_id,,,PENDING_METADATA_RESOLUTION,2022-10-18T00:00:00.000000Z,2022-10-18T13:31:56.038000Z,2022-10-18T13:31:56.037999999Z,13.532232777777779,True,True,PREDECISION_ONLY_NO_MFE_MAE_TP_SL_PNL,EXCLUDE_ENTIRE_DECISION_MILLISECOND,ONLY_F_LAST_COMPLETED_BEFORE_EXCLUSIVE_CUTOFF
NQ_MBO_SNAPSHOT_2022-10-25_LB_20221025_093119_BUY_0001,DISCOVERY_100,MBO_SNAPSHOT_PILOT_V1_20260723,06df04894218405f61e7c71b52368299090a620850ada9e106ec445e426150b7,2022-10-25,2022,LB_20221025_093119_BUY_0001,B_CLEAN_BREAKOUT,BUY,11552.5,11548.75,2022-10-25T13:31:19.000000Z,2022-10-25T13:31:20.076000Z,2022-10-25T13:31:20.076000Z,GLBX.MDP3,mbo,NQ.v.0,continuous,instrument_id,,,PENDING_METADATA_RESOLUTION,2022-10-25T00:00:00.000000Z,2022-10-25T13:31:20.076000Z,2022-10-25T13:31:20.075999999Z,13.522243333333334,True,True,PREDECISION_ONLY_NO_MFE_MAE_TP_SL_PNL,EXCLUDE_ENTIRE_DECISION_MILLISECOND,ONLY_F_LAST_COMPLETED_BEFORE_EXCLUSIVE_CUTOFF
NQ_MBO_SNAPSHOT_2022-10-26_LB_20221026_093108_SELL_0002,DISCOVERY_100,MBO_SNAPSHOT_PILOT_V1_20260723,1bb17f82f2ca3ca0776f827d287d191957032f6c4d9f1b57b66b9bcf5cf8912f,2022-10-26,2022,LB_20221026_093108_SELL_0002,A_TRUE_ABSORPTION,SELL,11435.0,11442.5,2022-10-26T13:31:08.000000Z,2022-10-26T13:31:09.077000Z,2022-10-26T13:31:09.077000Z,GLBX.MDP3,mbo,NQ.v.0,continuous,instrument_id,,,PENDING_METADATA_RESOLUTION,2022-10-26T00:00:00.000000Z,2022-10-26T13:31:09.077000Z,2022-10-26T13:31:09.076999999Z,13.519188055555555,True,True,PREDECISION_ONLY_NO_MFE_MAE_TP_SL_PNL,EXCLUDE_ENTIRE_DECISION_MILLISECOND,ONLY_F_LAST_COMPLETED_BEFORE_EXCLUSIVE_CUTOFF
NQ_MBO_SNAPSHOT_2022-10-27_LB_20221027_093628_SELL_0001,DISCOVERY_100,MBO_SNAPSHOT_PILOT_V1_20260723,4a7b291557fe2debcfd73fc86757281799837c09aa59134bfee0f4006abda591,2022-10-27,2022,LB_20221027_093628_SELL_0001,A_TRUE_ABSORPTION,SELL,11396.25,11401.25,2022-10-27T13:36:28.000000Z,2022-10-27T13:36:29.053000Z,2022-10-27T13:36:29.053000Z,GLBX.MDP3,mbo,NQ.v.0,continuous,instrument_id,,,PENDING_METADATA_RESOLUTION,2022-10-27T00:00:00.000000Z,2022-10-27T13:36:29.053000Z,2022-10-27T13:36:29.052999999Z,13.608070277777777,True,True,PREDECISION_ONLY_NO_MFE_MAE_TP_SL_PNL,EXCLUDE_ENTIRE_DECISION_MILLISECOND,ONLY_F_LAST_COMPLETED_BEFORE_EXCLUSIVE_CUTOFF
NQ_MBO_SNAPSHOT_2022-10-28_LB_20221028_093127_BUY_0001,DISCOVERY_100,MBO_SNAPSHOT_PILOT_V1_20260723,14512120b9d097c719f39a2b5f9d176e5b1b6fb4139ce5a0305350c0bfec554a,2022-10-28,2022,LB_20221028_093127_BUY_0001,B_CLEAN_BREAKOUT,BUY,11252.5,11246.25,2022-10-28T13:31:27.000000Z,2022-10-28T13:31:28.046000Z,2022-10-28T13:31:28.046000Z,GLBX.MDP3,mbo,NQ.v.0,continuous,instrument_id,,,PENDING_METADATA_RESOLUTION,2022-10-28T00:00:00.000000Z,2022-10-28T13:31:28.046000Z,2022-10-28T13:31:28.045999999Z,13.524457222222223,True,True,PREDECISION_ONLY_NO_MFE_MAE_TP_SL_PNL,EXCLUDE_ENTIRE_DECISION_MILLISECOND,ONLY_F_LAST_COMPLETED_BEFORE_EXCLUSIVE_CUTOFF
NQ_MBO_SNAPSHOT_2022-11-03_LB_20221103_093349_BUY_0001,DISCOVERY_100,MBO_SNAPSHOT_PILOT_V1_20260723,56f766503411a5b2a8ae895810fea2f2ddd27c693dcdbc433b2a7f3824d67de9,2022-11-03,2022,LB_20221103_093349_BUY_0001,A_TRUE_ABSORPTION,BUY,10846.25,10830.0,2022-11-03T13:33:49.000000Z,2022-11-03T13:33:50.021000Z,2022-11-03T13:33:50.021000Z,GLBX.MDP3,mbo,NQ.v.0,continuous,instrument_id,,,PENDING_METADATA_RESOLUTION,2022-11-03T00:00:00.000000Z,2022-11-03T13:33:50.021000Z,2022-11-03T13:33:50.020999999Z,13.563894722222223,True,True,PREDECISION_ONLY_NO_MFE_MAE_TP_SL_PNL,EXCLUDE_ENTIRE_DECISION_MILLISECOND,ONLY_F_LAST_COMPLETED_BEFORE_EXCLUSIVE_CUTOFF
NQ_MBO_SNAPSHOT_2023-03-21_LB_20230321_093130_BUY_0001,DISCOVERY_100,MBO_SNAPSHOT_PILOT_V1_20260723,94d91d0805ff6dc7e5db1b419efb6abc1612b23d59673722468a28d7b83b3dc1,2023-03-21,2023,LB_20230321_093130_BUY_0001,B_CLEAN_BREAKOUT,BUY,12801.25,12797.5,2023-03-21T13:31:30.000000Z,2023-03-21T13:31:31.049993Z,2023-03-21T13:31:31.049000Z,GLBX.MDP3,mbo,NQ.v.0,continuous,instrument_id,,,PENDING_METADATA_RESOLUTION,2023-03-21T00:00:00.000000Z,2023-03-21T13:31:31.049000Z,2023-03-21T13:31:31.048999999Z,13.525291388888888,True,True,PREDECISION_ONLY_NO_MFE_MAE_TP_SL_PNL,EXCLUDE_ENTIRE_DECISION_MILLISECOND,ONLY_F_LAST_COMPLETED_BEFORE_EXCLUSIVE_CUTOFF
NQ_MBO_SNAPSHOT_2023-03-28_LB_20230328_093202_SELL_0001,DISCOVERY_100,MBO_SNAPSHOT_PILOT_V1_20260723,448d171cf7cbc777f1d918ef613205557f79eca312ccfdc869af9f2154ecb497,2023-03-28,2023,LB_20230328_093202_SELL_0001,B_CLEAN_BREAKOUT,SELL,12748.75,12760.0,2023-03-28T13:32:02.000000Z,2023-03-28T13:32:03.022952Z,2023-03-28T13:32:03.022000Z,GLBX.MDP3,mbo,NQ.v.0,continuous,instrument_id,,,PENDING_METADATA_RESOLUTION,2023-03-28T00:00:00.000000Z,2023-03-28T13:32:03.022000Z,2023-03-28T13:32:03.021999999Z,13.534172777777776,True,True,PREDECISION_ONLY_NO_MFE_MAE_TP_SL_PNL,EXCLUDE_ENTIRE_DECISION_MILLISECOND,ONLY_F_LAST_COMPLETED_BEFORE_EXCLUSIVE_CUTOFF
NQ_MBO_SNAPSHOT_2023-04-03_LB_20230403_093250_BUY_0001,DISCOVERY_100,MBO_SNAPSHOT_PILOT_V1_20260723,634132fd65c58477d0ec82d7d9fa2062a7ced59ed590898a9a4c2f9bed9427c4,2023-04-03,2023,LB_20230403_093250_BUY_0001,C_MIXED_PATH,BUY,13217.5,13211.25,2023-04-03T13:32:50.000000Z,2023-04-03T13:32:51.099847Z,2023-04-03T13:32:51.099000Z,GLBX.MDP3,mbo,NQ.v.0,continuous,instrument_id,,,PENDING_METADATA_RESOLUTION,2023-04-03T00:00:00.000000Z,2023-04-03T13:32:51.099000Z,2023-04-03T13:32:51.098999999Z,13.547527500000001,True,True,PREDECISION_ONLY_NO_MFE_MAE_TP_SL_PNL,EXCLUDE_ENTIRE_DECISION_MILLISECOND,ONLY_F_LAST_COMPLETED_BEFORE_EXCLUSIVE_CUTOFF
NQ_MBO_SNAPSHOT_2023-04-04_LB_20230404_093600_SELL_0001,DISCOVERY_100,MBO_SNAPSHOT_PILOT_V1_20260723,c617b61020807df238ac1ec60f92c9fb79c83f34e1a71aaeb0b4346ad3ae6ba1,2023-04-04,2023,LB_20230404_093600_SELL_0001,A_TRUE_ABSORPTION,SELL,13271.25,13280.0,2023-04-04T13:36:00.000000Z,2023-04-04T13:36:01.053737Z,2023-04-04T13:36:01.053000Z,GLBX.MDP3,mbo,NQ.v.0,continuous,instrument_id,,,PENDING_METADATA_RESOLUTION,2023-04-04T00:00:00.000000Z,2023-04-04T13:36:01.053000Z,2023-04-04T13:36:01.052999999Z,13.6002925,True,True,PREDECISION_ONLY_NO_MFE_MAE_TP_SL_PNL,EXCLUDE_ENTIRE_DECISION_MILLISECOND,ONLY_F_LAST_COMPLETED_BEFORE_EXCLUSIVE_CUTOFF
NQ_MBO_SNAPSHOT_2023-04-19_LB_20230419_093353_SELL_0001,DISCOVERY_100,MBO_SNAPSHOT_PILOT_V1_20260723,51818da0f467574859d4337c95ed135725aee2c4da7f60cf4b600465c9e438f3,2023-04-19,2023,LB_20230419_093353_SELL_0001,A_TRUE_ABSORPTION,SELL,13105.0,13081.25,2023-04-19T13:33:53.000000Z,2023-04-19T13:33:54.064843Z,2023-04-19T13:33:54.064000Z,GLBX.MDP3,mbo,NQ.v.0,continuous,instrument_id,,,PENDING_METADATA_RESOLUTION,2023-04-19T00:00:00.000000Z,2023-04-19T13:33:54.064000Z,2023-04-19T13:33:54.063999999Z,13.565017777777777,True,True,PREDECISION_ONLY_NO_MFE_MAE_TP_SL_PNL,EXCLUDE_ENTIRE_DECISION_MILLISECOND,ONLY_F_LAST_COMPLETED_BEFORE_EXCLUSIVE_CUTOFF
NQ_MBO_SNAPSHOT_2023-04-26_LB_20230426_093201_SELL_0001,DISCOVERY_100,MBO_SNAPSHOT_PILOT_V1_20260723,d935ea325141bef58197e02c99fc1df4acb01e142b3a8878dc699e4afa4cfaf0,2023-04-26,2023,LB_20230426_093201_SELL_0001,A_TRUE_ABSORPTION,SELL,12921.25,12933.75,2023-04-26T13:32:01.000000Z,2023-04-26T13:32:02.055938Z,2023-04-26T13:32:02.055000Z,GLBX.MDP3,mbo,NQ.v.0,continuous,instrument_id,,,PENDING_METADATA_RESOLUTION,2023-04-26T00:00:00.000000Z,2023-04-26T13:32:02.055000Z,2023-04-26T13:32:02.054999999Z,13.533904166666666,True,True,PREDECISION_ONLY_NO_MFE_MAE_TP_SL_PNL,EXCLUDE_ENTIRE_DECISION_MILLISECOND,ONLY_F_LAST_COMPLETED_BEFORE_EXCLUSIVE_CUTOFF
NQ_MBO_SNAPSHOT_2023-05-03_LB_20230503_093500_BUY_0001,DISCOVERY_100,MBO_SNAPSHOT_PILOT_V1_20260723,6b3c4ebd94808a18b50fecf40b2f28df857d781b6a98d06030c1bdff211f17be,2023-05-03,2023,LB_20230503_093500_BUY_0001,B_CLEAN_BREAKOUT,BUY,13208.75,13203.75,2023-05-03T13:35:00.000000Z,2023-05-03T13:35:01.053012Z,2023-05-03T13:35:01.053000Z,GLBX.MDP3,mbo,NQ.v.0,continuous,instrument_id,,,PENDING_METADATA_RESOLUTION,2023-05-03T00:00:00.000000Z,2023-05-03T13:35:01.053000Z,2023-05-03T13:35:01.052999999Z,13.583625833333333,True,True,PREDECISION_ONLY_NO_MFE_MAE_TP_SL_PNL,EXCLUDE_ENTIRE_DECISION_MILLISECOND,ONLY_F_LAST_COMPLETED_BEFORE_EXCLUSIVE_CUTOFF
NQ_MBO_SNAPSHOT_2023-05-11_LB_20230511_093202_SELL_0001,DISCOVERY_100,MBO_SNAPSHOT_PILOT_V1_20260723,de86d0baa2f74a834d69479e03b78a257a33556ea131a96ad7e47dfa73a895db,2023-05-11,2023,LB_20230511_093202_SELL_0001,B_CLEAN_BREAKOUT,SELL,13400.0,13418.75,2023-05-11T13:32:02.000000Z,2023-05-11T13:32:03.023827Z,2023-05-11T13:32:03.023000Z,GLBX.MDP3,mbo,NQ.v.0,continuous,instrument_id,,,PENDING_METADATA_RESOLUTION,2023-05-11T00:00:00.000000Z,2023-05-11T13:32:03.023000Z,2023-05-11T13:32:03.022999999Z,13.534173055555556,True,True,PREDECISION_ONLY_NO_MFE_MAE_TP_SL_PNL,EXCLUDE_ENTIRE_DECISION_MILLISECOND,ONLY_F_LAST_COMPLETED_BEFORE_EXCLUSIVE_CUTOFF
NQ_MBO_SNAPSHOT_2023-05-18_LB_20230518_093436_BUY_0001,DISCOVERY_100,MBO_SNAPSHOT_PILOT_V1_20260723,3daa91090e6a32bedf99e2dbc9f6d8ac4797c56675f9aa8239fd7dbe53705b11,2023-05-18,2023,LB_20230518_093436_BUY_0001,B_CLEAN_BREAKOUT,BUY,13681.25,13668.75,2023-05-18T13:34:36.000000Z,2023-05-18T13:34:37.130016Z,2023-05-18T13:34:37.130000Z,GLBX.MDP3,mbo,NQ.v.0,continuous,instrument_id,,,PENDING_METADATA_RESOLUTION,2023-05-18T00:00:00.000000Z,2023-05-18T13:34:37.130000Z,2023-05-18T13:34:37.129999999Z,13.576980555555554,True,True,PREDECISION_ONLY_NO_MFE_MAE_TP_SL_PNL,EXCLUDE_ENTIRE_DECISION_MILLISECOND,ONLY_F_LAST_COMPLETED_BEFORE_EXCLUSIVE_CUTOFF
NQ_MBO_SNAPSHOT_2023-05-22_LB_20230522_093356_BUY_0001,DISCOVERY_100,MBO_SNAPSHOT_PILOT_V1_20260723,8d47eb21b1fdf59702fcde42b161cce0ef93290d2722330cfaed22aa7989304e,2023-05-22,2023,LB_20230522_093356_BUY_0001,B_CLEAN_BREAKOUT,BUY,13876.25,13865.0,2023-05-22T13:33:56.000000Z,2023-05-22T13:33:57.065921Z,2023-05-22T13:33:57.065000Z,GLBX.MDP3,mbo,NQ.v.0,continuous,instrument_id,,,PENDING_METADATA_RESOLUTION,2023-05-22T00:00:00.000000Z,2023-05-22T13:33:57.065000Z,2023-05-22T13:33:57.064999999Z,13.56585138888889,True,True,PREDECISION_ONLY_NO_MFE_MAE_TP_SL_PNL,EXCLUDE_ENTIRE_DECISION_MILLISECOND,ONLY_F_LAST_COMPLETED_BEFORE_EXCLUSIVE_CUTOFF
NQ_MBO_SNAPSHOT_2023-05-26_LB_20230526_093357_BUY_0001,DISCOVERY_100,MBO_SNAPSHOT_PILOT_V1_20260723,5d08ae4f1db76f99aa8968636cf70447090f44f2065ece432fb238c88d9360f8,2023-05-26,2023,LB_20230526_093357_BUY_0001,A_TRUE_ABSORPTION,BUY,14045.0,14030.0,2023-05-26T13:33:57.000000Z,2023-05-26T13:33:58.020596Z,2023-05-26T13:33:58.020000Z,GLBX.MDP3,mbo,NQ.v.0,continuous,instrument_id,,,PENDING_METADATA_RESOLUTION,2023-05-26T00:00:00.000000Z,2023-05-26T13:33:58.020000Z,2023-05-26T13:33:58.019999999Z,13.566116666666666,True,True,PREDECISION_ONLY_NO_MFE_MAE_TP_SL_PNL,EXCLUDE_ENTIRE_DECISION_MILLISECOND,ONLY_F_LAST_COMPLETED_BEFORE_EXCLUSIVE_CUTOFF
NQ_MBO_SNAPSHOT_2023-05-31_LB_20230531_093156_BUY_0001,DISCOVERY_100,MBO_SNAPSHOT_PILOT_V1_20260723,bc3c053e1e85aac3e24272e1cb5b5d5e8bb206bf5414e74d20e22617dd0c6cb4,2023-05-31,2023,LB_20230531_093156_BUY_0001,C_MIXED_PATH,BUY,14348.75,14343.75,2023-05-31T13:31:56.000000Z,2023-05-31T13:31:57.052030Z,2023-05-31T13:31:57.052000Z,GLBX.MDP3,mbo,NQ.v.0,continuous,instrument_id,,,PENDING_METADATA_RESOLUTION,2023-05-31T00:00:00.000000Z,2023-05-31T13:31:57.052000Z,2023-05-31T13:31:57.051999999Z,13.532514444444445,True,True,PREDECISION_ONLY_NO_MFE_MAE_TP_SL_PNL,EXCLUDE_ENTIRE_DECISION_MILLISECOND,ONLY_F_LAST_COMPLETED_BEFORE_EXCLUSIVE_CUTOFF
NQ_MBO_SNAPSHOT_2023-06-05_LB_20230605_093500_BUY_0001,DISCOVERY_100,MBO_SNAPSHOT_PILOT_V1_20260723,dcd7b8366a794fa0bd33d831e1ba60b63630aa0dc0b542cceb33834e9eb52eeb,2023-06-05,2023,LB_20230605_093500_BUY_0001,C_MIXED_PATH,BUY,14611.25,14586.25,2023-06-05T13:35:00.000000Z,2023-06-05T13:35:01.036505Z,2023-06-05T13:35:01.036000Z,GLBX.MDP3,mbo,NQ.v.0,continuous,instrument_id,,,PENDING_METADATA_RESOLUTION,2023-06-05T00:00:00.000000Z,2023-06-05T13:35:01.036000Z,2023-06-05T13:35:01.035999999Z,13.58362111111111,True,True,PREDECISION_ONLY_NO_MFE_MAE_TP_SL_PNL,EXCLUDE_ENTIRE_DECISION_MILLISECOND,ONLY_F_LAST_COMPLETED_BEFORE_EXCLUSIVE_CUTOFF
NQ_MBO_SNAPSHOT_2023-06-13_LB_20230613_093139_SELL_0001,DISCOVERY_100,MBO_SNAPSHOT_PILOT_V1_20260723,a0c08d7e08d7f72072ed23c802fac62eff9f52e349a3bd1eba0d2a6a59957090,2023-06-13,2023,LB_20230613_093139_SELL_0001,A_TRUE_ABSORPTION,SELL,15080.0,15086.25,2023-06-13T13:31:39.000000Z,2023-06-13T13:31:40.043985Z,2023-06-13T13:31:40.043000Z,GLBX.MDP3,mbo,NQ.v.0,continuous,instrument_id,,,PENDING_METADATA_RESOLUTION,2023-06-13T00:00:00.000000Z,2023-06-13T13:31:40.043000Z,2023-06-13T13:31:40.042999999Z,13.527789722222222,True,True,PREDECISION_ONLY_NO_MFE_MAE_TP_SL_PNL,EXCLUDE_ENTIRE_DECISION_MILLISECOND,ONLY_F_LAST_COMPLETED_BEFORE_EXCLUSIVE_CUTOFF
NQ_MBO_SNAPSHOT_2023-06-22_LB_20230622_093240_BUY_0001,DISCOVERY_100,MBO_SNAPSHOT_PILOT_V1_20260723,b1a9b1fd2f90170b66172c7aedc49e4691801edddd1c55d88aba5bf7b58ff86c,2023-06-22,2023,LB_20230622_093240_BUY_0001,B_CLEAN_BREAKOUT,BUY,15000.0,14986.25,2023-06-22T13:32:40.000000Z,2023-06-22T13:32:41.030431Z,2023-06-22T13:32:41.030000Z,GLBX.MDP3,mbo,NQ.v.0,continuous,instrument_id,,,PENDING_METADATA_RESOLUTION,2023-06-22T00:00:00.000000Z,2023-06-22T13:32:41.030000Z,2023-06-22T13:32:41.029999999Z,13.544730555555555,True,True,PREDECISION_ONLY_NO_MFE_MAE_TP_SL_PNL,EXCLUDE_ENTIRE_DECISION_MILLISECOND,ONLY_F_LAST_COMPLETED_BEFORE_EXCLUSIVE_CUTOFF
NQ_MBO_SNAPSHOT_2023-06-23_LB_20230623_093159_BUY_0001,DISCOVERY_100,MBO_SNAPSHOT_PILOT_V1_20260723,5c13521026f5e54ebe9307b9a28362d8900fa1057d92d2665b8208d94b704819,2023-06-23,2023,LB_20230623_093159_BUY_0001,B_CLEAN_BREAKOUT,BUY,15061.25,15060.0,2023-06-23T13:31:59.000000Z,2023-06-23T13:32:00.009044Z,2023-06-23T13:32:00.009000Z,GLBX.MDP3,mbo,NQ.v.0,continuous,instrument_id,,,PENDING_METADATA_RESOLUTION,2023-06-23T00:00:00.000000Z,2023-06-23T13:32:00.009000Z,2023-06-23T13:32:00.008999999Z,13.533335833333332,True,True,PREDECISION_ONLY_NO_MFE_MAE_TP_SL_PNL,EXCLUDE_ENTIRE_DECISION_MILLISECOND,ONLY_F_LAST_COMPLETED_BEFORE_EXCLUSIVE_CUTOFF
NQ_MBO_SNAPSHOT_2023-06-30_LB_20230630_093123_BUY_0001,DISCOVERY_100,MBO_SNAPSHOT_PILOT_V1_20260723,642cd8e1dc6787d70d98e2410750614cf6e830521cd37ddaca60a9f64cd675f7,2023-06-30,2023,LB_20230630_093123_BUY_0001,B_CLEAN_BREAKOUT,BUY,15258.75,15255.0,2023-06-30T13:31:23.000000Z,2023-06-30T13:31:24.087132Z,2023-06-30T13:31:24.087000Z,GLBX.MDP3,mbo,NQ.v.0,continuous,instrument_id,,,PENDING_METADATA_RESOLUTION,2023-06-30T00:00:00.000000Z,2023-06-30T13:31:24.087000Z,2023-06-30T13:31:24.086999999Z,13.5233575,True,True,PREDECISION_ONLY_NO_MFE_MAE_TP_SL_PNL,EXCLUDE_ENTIRE_DECISION_MILLISECOND,ONLY_F_LAST_COMPLETED_BEFORE_EXCLUSIVE_CUTOFF
NQ_MBO_SNAPSHOT_2023-07-18_LB_20230718_093258_SELL_0002,DISCOVERY_100,MBO_SNAPSHOT_PILOT_V1_20260723,01d30c2999125f7572a482633192d82262790547bc04ab214849c31807b9e627,2023-07-18,2023,LB_20230718_093258_SELL_0002,B_CLEAN_BREAKOUT,SELL,15780.0,15790.0,2023-07-18T13:32:58.000000Z,2023-07-18T13:32:59.057619Z,2023-07-18T13:32:59.057000Z,GLBX.MDP3,mbo,NQ.v.0,continuous,instrument_id,,,PENDING_METADATA_RESOLUTION,2023-07-18T00:00:00.000000Z,2023-07-18T13:32:59.057000Z,2023-07-18T13:32:59.056999999Z,13.549738055555556,True,True,PREDECISION_ONLY_NO_MFE_MAE_TP_SL_PNL,EXCLUDE_ENTIRE_DECISION_MILLISECOND,ONLY_F_LAST_COMPLETED_BEFORE_EXCLUSIVE_CUTOFF
NQ_MBO_SNAPSHOT_2023-07-20_LB_20230720_093345_SELL_0001,DISCOVERY_100,MBO_SNAPSHOT_PILOT_V1_20260723,dac04e3c8d4f8053d76216fc51287ca4538924cc55329abf5220fe93bf8b91ec,2023-07-20,2023,LB_20230720_093345_SELL_0001,A_TRUE_ABSORPTION,SELL,15871.25,15832.5,2023-07-20T13:33:45.000000Z,2023-07-20T13:33:46.040713Z,2023-07-20T13:33:46.040000Z,GLBX.MDP3,mbo,NQ.v.0,continuous,instrument_id,,,PENDING_METADATA_RESOLUTION,2023-07-20T00:00:00.000000Z,2023-07-20T13:33:46.040000Z,2023-07-20T13:33:46.039999999Z,13.562788888888889,True,True,PREDECISION_ONLY_NO_MFE_MAE_TP_SL_PNL,EXCLUDE_ENTIRE_DECISION_MILLISECOND,ONLY_F_LAST_COMPLETED_BEFORE_EXCLUSIVE_CUTOFF
NQ_MBO_SNAPSHOT_2023-07-27_LB_20230727_093300_BUY_0001,DISCOVERY_100,MBO_SNAPSHOT_PILOT_V1_20260723,e28b946644876d9f6a8d48f2104f1d43a4dd9d40f0973f0ea8dd3c5c820d237f,2023-07-27,2023,LB_20230727_093300_BUY_0001,B_CLEAN_BREAKOUT,BUY,15852.5,15846.25,2023-07-27T13:33:00.000000Z,2023-07-27T13:33:01.089165Z,2023-07-27T13:33:01.089000Z,GLBX.MDP3,mbo,NQ.v.0,continuous,instrument_id,,,PENDING_METADATA_RESOLUTION,2023-07-27T00:00:00.000000Z,2023-07-27T13:33:01.089000Z,2023-07-27T13:33:01.088999999Z,13.5503025,True,True,PREDECISION_ONLY_NO_MFE_MAE_TP_SL_PNL,EXCLUDE_ENTIRE_DECISION_MILLISECOND,ONLY_F_LAST_COMPLETED_BEFORE_EXCLUSIVE_CUTOFF
NQ_MBO_SNAPSHOT_2023-08-08_LB_20230808_093726_SELL_0001,DISCOVERY_100,MBO_SNAPSHOT_PILOT_V1_20260723,d4327e5b58e6c140d0f75e7bc65fc548a4d2ad87380dcdaea5f0b836f61ac8e6,2023-08-08,2023,LB_20230808_093726_SELL_0001,A_TRUE_ABSORPTION,SELL,15350.0,15353.75,2023-08-08T13:37:26.000000Z,2023-08-08T13:37:27.058667Z,2023-08-08T13:37:27.058000Z,GLBX.MDP3,mbo,NQ.v.0,continuous,instrument_id,,,PENDING_METADATA_RESOLUTION,2023-08-08T00:00:00.000000Z,2023-08-08T13:37:27.058000Z,2023-08-08T13:37:27.057999999Z,13.624182777777778,True,True,PREDECISION_ONLY_NO_MFE_MAE_TP_SL_PNL,EXCLUDE_ENTIRE_DECISION_MILLISECOND,ONLY_F_LAST_COMPLETED_BEFORE_EXCLUSIVE_CUTOFF
NQ_MBO_SNAPSHOT_2023-08-24_LB_20230824_093139_SELL_0001,DISCOVERY_100,MBO_SNAPSHOT_PILOT_V1_20260723,f623406a9522e3c7ef698a3514149a89750a2f77f2912d86f9f78e3fba105bd3,2023-08-24,2023,LB_20230824_093139_SELL_0001,B_CLEAN_BREAKOUT,SELL,15300.0,15307.5,2023-08-24T13:31:39.000000Z,2023-08-24T13:31:40.065524Z,2023-08-24T13:31:40.065000Z,GLBX.MDP3,mbo,NQ.v.0,continuous,instrument_id,,,PENDING_METADATA_RESOLUTION,2023-08-24T00:00:00.000000Z,2023-08-24T13:31:40.065000Z,2023-08-24T13:31:40.064999999Z,13.527795833333334,True,True,PREDECISION_ONLY_NO_MFE_MAE_TP_SL_PNL,EXCLUDE_ENTIRE_DECISION_MILLISECOND,ONLY_F_LAST_COMPLETED_BEFORE_EXCLUSIVE_CUTOFF
NQ_MBO_SNAPSHOT_2023-08-25_LB_20230825_093257_BUY_0001,DISCOVERY_100,MBO_SNAPSHOT_PILOT_V1_20260723,035e608864cec6f83a81a75639567cdd0e60abc433933911cdcf7326ec094926,2023-08-25,2023,LB_20230825_093257_BUY_0001,A_TRUE_ABSORPTION,BUY,14933.75,14925.0,2023-08-25T13:32:57.000000Z,2023-08-25T13:32:58.084006Z,2023-08-25T13:32:58.084000Z,GLBX.MDP3,mbo,NQ.v.0,continuous,instrument_id,,,PENDING_METADATA_RESOLUTION,2023-08-25T00:00:00.000000Z,2023-08-25T13:32:58.084000Z,2023-08-25T13:32:58.083999999Z,13.549467777777778,True,True,PREDECISION_ONLY_NO_MFE_MAE_TP_SL_PNL,EXCLUDE_ENTIRE_DECISION_MILLISECOND,ONLY_F_LAST_COMPLETED_BEFORE_EXCLUSIVE_CUTOFF
NQ_MBO_SNAPSHOT_2023-08-29_LB_20230829_093105_SELL_0001,DISCOVERY_100,MBO_SNAPSHOT_PILOT_V1_20260723,422f614a7d7f5b66e694e8efe5f81c560f9faa5a5815040b5e2bba8df335d136,2023-08-29,2023,LB_20230829_093105_SELL_0001,A_TRUE_ABSORPTION,SELL,15073.75,15073.75,2023-08-29T13:31:05.000000Z,2023-08-29T13:31:06.065128Z,2023-08-29T13:31:06.065000Z,GLBX.MDP3,mbo,NQ.v.0,continuous,instrument_id,,,PENDING_METADATA_RESOLUTION,2023-08-29T00:00:00.000000Z,2023-08-29T13:31:06.065000Z,2023-08-29T13:31:06.064999999Z,13.51835138888889,True,True,PREDECISION_ONLY_NO_MFE_MAE_TP_SL_PNL,EXCLUDE_ENTIRE_DECISION_MILLISECOND,ONLY_F_LAST_COMPLETED_BEFORE_EXCLUSIVE_CUTOFF
NQ_MBO_SNAPSHOT_2023-08-31_LB_20230831_093357_BUY_0001,DISCOVERY_100,MBO_SNAPSHOT_PILOT_V1_20260723,90910efe6e86c11fae73542ca68886d3b3112f8862bfbe53b4ebbbed56d4a4d7,2023-08-31,2023,LB_20230831_093357_BUY_0001,A_TRUE_ABSORPTION,BUY,15552.5,15520.0,2023-08-31T13:33:57.000000Z,2023-08-31T13:33:58.049564Z,2023-08-31T13:33:58.049000Z,GLBX.MDP3,mbo,NQ.v.0,continuous,instrument_id,,,PENDING_METADATA_RESOLUTION,2023-08-31T00:00:00.000000Z,2023-08-31T13:33:58.049000Z,2023-08-31T13:33:58.048999999Z,13.566124722222222,True,True,PREDECISION_ONLY_NO_MFE_MAE_TP_SL_PNL,EXCLUDE_ENTIRE_DECISION_MILLISECOND,ONLY_F_LAST_COMPLETED_BEFORE_EXCLUSIVE_CUTOFF
NQ_MBO_SNAPSHOT_2023-09-05_LB_20230905_093500_SELL_0002,DISCOVERY_100,MBO_SNAPSHOT_PILOT_V1_20260723,2da4bf4bd3d93b2eaf318ca25fa0ccdeababd0ba85799d3439c9dc96bf23b351,2023-09-05,2023,LB_20230905_093500_SELL_0002,C_MIXED_PATH,SELL,15457.5,15473.75,2023-09-05T13:35:00.000000Z,2023-09-05T13:35:01.010477Z,2023-09-05T13:35:01.010000Z,GLBX.MDP3,mbo,NQ.v.0,continuous,instrument_id,,,PENDING_METADATA_RESOLUTION,2023-09-05T00:00:00.000000Z,2023-09-05T13:35:01.010000Z,2023-09-05T13:35:01.009999999Z,13.58361388888889,True,True,PREDECISION_ONLY_NO_MFE_MAE_TP_SL_PNL,EXCLUDE_ENTIRE_DECISION_MILLISECOND,ONLY_F_LAST_COMPLETED_BEFORE_EXCLUSIVE_CUTOFF
NQ_MBO_SNAPSHOT_2023-09-07_LB_20230907_093117_SELL_0001,DISCOVERY_100,MBO_SNAPSHOT_PILOT_V1_20260723,d23cce5fcb70641a099689bee8de6c5ad5909616100a586c2fe0828111140de7,2023-09-07,2023,LB_20230907_093117_SELL_0001,B_CLEAN_BREAKOUT,SELL,15181.25,15183.75,2023-09-07T13:31:17.000000Z,2023-09-07T13:31:18.033798Z,2023-09-07T13:31:18.033000Z,GLBX.MDP3,mbo,NQ.v.0,continuous,instrument_id,,,PENDING_METADATA_RESOLUTION,2023-09-07T00:00:00.000000Z,2023-09-07T13:31:18.033000Z,2023-09-07T13:31:18.032999999Z,13.521675833333335,True,True,PREDECISION_ONLY_NO_MFE_MAE_TP_SL_PNL,EXCLUDE_ENTIRE_DECISION_MILLISECOND,ONLY_F_LAST_COMPLETED_BEFORE_EXCLUSIVE_CUTOFF
NQ_MBO_SNAPSHOT_2023-09-14_LB_20230914_093127_SELL_0001,DISCOVERY_100,MBO_SNAPSHOT_PILOT_V1_20260723,9da213b104565d2a65208e80638154224f18c17ff0ece4d497710356411d28ce,2023-09-14,2023,LB_20230914_093127_SELL_0001,A_TRUE_ABSORPTION,SELL,15602.5,15603.75,2023-09-14T13:31:27.000000Z,2023-09-14T13:31:28.062159Z,2023-09-14T13:31:28.062000Z,GLBX.MDP3,mbo,NQ.v.0,continuous,instrument_id,,,PENDING_METADATA_RESOLUTION,2023-09-14T00:00:00.000000Z,2023-09-14T13:31:28.062000Z,2023-09-14T13:31:28.061999999Z,13.524461666666665,True,True,PREDECISION_ONLY_NO_MFE_MAE_TP_SL_PNL,EXCLUDE_ENTIRE_DECISION_MILLISECOND,ONLY_F_LAST_COMPLETED_BEFORE_EXCLUSIVE_CUTOFF
NQ_MBO_SNAPSHOT_2023-09-15_LB_20230915_093253_SELL_0001,DISCOVERY_100,MBO_SNAPSHOT_PILOT_V1_20260723,218c3b9804c27d64a90cfa0525c695adc60810f0823d8a5200a31c493bdb0eca,2023-09-15,2023,LB_20230915_093253_SELL_0001,B_CLEAN_BREAKOUT,SELL,15587.5,15602.5,2023-09-15T13:32:53.000000Z,2023-09-15T13:32:54.037055Z,2023-09-15T13:32:54.037000Z,GLBX.MDP3,mbo,NQ.v.0,continuous,instrument_id,,,PENDING_METADATA_RESOLUTION,2023-09-15T00:00:00.000000Z,2023-09-15T13:32:54.037000Z,2023-09-15T13:32:54.036999999Z,13.54834361111111,True,True,PREDECISION_ONLY_NO_MFE_MAE_TP_SL_PNL,EXCLUDE_ENTIRE_DECISION_MILLISECOND,ONLY_F_LAST_COMPLETED_BEFORE_EXCLUSIVE_CUTOFF
NQ_MBO_SNAPSHOT_2023-09-19_LB_20230919_093101_SELL_0001,DISCOVERY_100,MBO_SNAPSHOT_PILOT_V1_20260723,9c78006d5b337017e4882cb4c7252623b03475bc23bd8abb6bfac64017351b6d,2023-09-19,2023,LB_20230919_093101_SELL_0001,A_TRUE_ABSORPTION,SELL,15331.25,15336.25,2023-09-19T13:31:01.000000Z,2023-09-19T13:31:02.011884Z,2023-09-19T13:31:02.011000Z,GLBX.MDP3,mbo,NQ.v.0,continuous,instrument_id,,,PENDING_METADATA_RESOLUTION,2023-09-19T00:00:00.000000Z,2023-09-19T13:31:02.011000Z,2023-09-19T13:31:02.010999999Z,13.517225277777777,True,True,PREDECISION_ONLY_NO_MFE_MAE_TP_SL_PNL,EXCLUDE_ENTIRE_DECISION_MILLISECOND,ONLY_F_LAST_COMPLETED_BEFORE_EXCLUSIVE_CUTOFF
NQ_MBO_SNAPSHOT_2023-09-22_LB_20230922_093553_SELL_0001,DISCOVERY_100,MBO_SNAPSHOT_PILOT_V1_20260723,6614270d7898b0e93bcd77e3f9f3b903019033cae05563be528a8b2bd562bfdb,2023-09-22,2023,LB_20230922_093553_SELL_0001,C_MIXED_PATH,SELL,14908.75,14916.25,2023-09-22T13:35:53.000000Z,2023-09-22T13:35:54.074897Z,2023-09-22T13:35:54.074000Z,GLBX.MDP3,mbo,NQ.v.0,continuous,instrument_id,,,PENDING_METADATA_RESOLUTION,2023-09-22T00:00:00.000000Z,2023-09-22T13:35:54.074000Z,2023-09-22T13:35:54.073999999Z,13.598353888888889,True,True,PREDECISION_ONLY_NO_MFE_MAE_TP_SL_PNL,EXCLUDE_ENTIRE_DECISION_MILLISECOND,ONLY_F_LAST_COMPLETED_BEFORE_EXCLUSIVE_CUTOFF
NQ_MBO_SNAPSHOT_2023-09-26_LB_20230926_093118_SELL_0002,DISCOVERY_100,MBO_SNAPSHOT_PILOT_V1_20260723,9d4906e1b317ca0cfeee7354b5e92694a4c7c1924f3c3340e1dcb83ddca2ba14,2023-09-26,2023,LB_20230926_093118_SELL_0002,B_CLEAN_BREAKOUT,SELL,14818.75,14818.75,2023-09-26T13:31:18.000000Z,2023-09-26T13:31:19.035798Z,2023-09-26T13:31:19.035000Z,GLBX.MDP3,mbo,NQ.v.0,continuous,instrument_id,,,PENDING_METADATA_RESOLUTION,2023-09-26T00:00:00.000000Z,2023-09-26T13:31:19.035000Z,2023-09-26T13:31:19.034999999Z,13.521954166666667,True,True,PREDECISION_ONLY_NO_MFE_MAE_TP_SL_PNL,EXCLUDE_ENTIRE_DECISION_MILLISECOND,ONLY_F_LAST_COMPLETED_BEFORE_EXCLUSIVE_CUTOFF
NQ_MBO_SNAPSHOT_2023-09-27_LB_20230927_093102_BUY_0001,DISCOVERY_100,MBO_SNAPSHOT_PILOT_V1_20260723,78877be816712bb05158cd0c8e8c2d310a5a7dd4b715dd69b3f02f1dc720b51f,2023-09-27,2023,LB_20230927_093102_BUY_0001,C_MIXED_PATH,BUY,14777.5,14773.75,2023-09-27T13:31:02.000000Z,2023-09-27T13:31:03.091962Z,2023-09-27T13:31:03.091000Z,GLBX.MDP3,mbo,NQ.v.0,continuous,instrument_id,,,PENDING_METADATA_RESOLUTION,2023-09-27T00:00:00.000000Z,2023-09-27T13:31:03.091000Z,2023-09-27T13:31:03.090999999Z,13.517525277777779,True,True,PREDECISION_ONLY_NO_MFE_MAE_TP_SL_PNL,EXCLUDE_ENTIRE_DECISION_MILLISECOND,ONLY_F_LAST_COMPLETED_BEFORE_EXCLUSIVE_CUTOFF
NQ_MBO_SNAPSHOT_2023-10-02_LB_20231002_093150_BUY_0001,DISCOVERY_100,MBO_SNAPSHOT_PILOT_V1_20260723,4f4d5eb3b6ca9f4ca5240a6661c53afa605ba53beb7f1c23f49b8066fb5818ad,2023-10-02,2023,LB_20231002_093150_BUY_0001,B_CLEAN_BREAKOUT,BUY,14880.0,14875.0,2023-10-02T13:31:50.000000Z,2023-10-02T13:31:51.110444Z,2023-10-02T13:31:51.110000Z,GLBX.MDP3,mbo,NQ.v.0,continuous,instrument_id,,,PENDING_METADATA_RESOLUTION,2023-10-02T00:00:00.000000Z,2023-10-02T13:31:51.110000Z,2023-10-02T13:31:51.109999999Z,13.53086388888889,True,True,PREDECISION_ONLY_NO_MFE_MAE_TP_SL_PNL,EXCLUDE_ENTIRE_DECISION_MILLISECOND,ONLY_F_LAST_COMPLETED_BEFORE_EXCLUSIVE_CUTOFF
NQ_MBO_SNAPSHOT_2023-10-16_LB_20231016_093102_BUY_0001,DISCOVERY_100,MBO_SNAPSHOT_PILOT_V1_20260723,fa672a768599ccb5c1fc898962d8948167d05bb44f6dd420c956a4141793a3f1,2023-10-16,2023,LB_20231016_093102_BUY_0001,B_CLEAN_BREAKOUT,BUY,15190.0,15183.75,2023-10-16T13:31:02.000000Z,2023-10-16T13:31:03.023753Z,2023-10-16T13:31:03.023000Z,GLBX.MDP3,mbo,NQ.v.0,continuous,instrument_id,,,PENDING_METADATA_RESOLUTION,2023-10-16T00:00:00.000000Z,2023-10-16T13:31:03.023000Z,2023-10-16T13:31:03.022999999Z,13.51750638888889,True,True,PREDECISION_ONLY_NO_MFE_MAE_TP_SL_PNL,EXCLUDE_ENTIRE_DECISION_MILLISECOND,ONLY_F_LAST_COMPLETED_BEFORE_EXCLUSIVE_CUTOFF
NQ_MBO_SNAPSHOT_2023-10-27_LB_20231027_093329_BUY_0001,DISCOVERY_100,MBO_SNAPSHOT_PILOT_V1_20260723,4b1934173e98f6d9c296cf634ac668eb51d207391363abc78806320e5d69fdd5,2023-10-27,2023,LB_20231027_093329_BUY_0001,C_MIXED_PATH,BUY,14345.0,14340.0,2023-10-27T13:33:29.000000Z,2023-10-27T13:33:30.047860Z,2023-10-27T13:33:30.047000Z,GLBX.MDP3,mbo,NQ.v.0,continuous,instrument_id,,,PENDING_METADATA_RESOLUTION,2023-10-27T00:00:00.000000Z,2023-10-27T13:33:30.047000Z,2023-10-27T13:33:30.046999999Z,13.55834638888889,True,True,PREDECISION_ONLY_NO_MFE_MAE_TP_SL_PNL,EXCLUDE_ENTIRE_DECISION_MILLISECOND,ONLY_F_LAST_COMPLETED_BEFORE_EXCLUSIVE_CUTOFF
NQ_MBO_SNAPSHOT_2023-11-02_LB_20231102_093203_SELL_0001,DISCOVERY_100,MBO_SNAPSHOT_PILOT_V1_20260723,b8ed7b8578d81659956ed1113e001c08d91866f8f188983c8698e52501be6124,2023-11-02,2023,LB_20231102_093203_SELL_0001,A_TRUE_ABSORPTION,SELL,14908.75,14918.75,2023-11-02T13:32:03.000000Z,2023-11-02T13:32:04.053384Z,2023-11-02T13:32:04.053000Z,GLBX.MDP3,mbo,NQ.v.0,continuous,instrument_id,,,PENDING_METADATA_RESOLUTION,2023-11-02T00:00:00.000000Z,2023-11-02T13:32:04.053000Z,2023-11-02T13:32:04.052999999Z,13.534459166666666,True,True,PREDECISION_ONLY_NO_MFE_MAE_TP_SL_PNL,EXCLUDE_ENTIRE_DECISION_MILLISECOND,ONLY_F_LAST_COMPLETED_BEFORE_EXCLUSIVE_CUTOFF
NQ_MBO_SNAPSHOT_2024-03-18_LB_20240318_093121_BUY_0001,DISCOVERY_100,MBO_SNAPSHOT_PILOT_V1_20260723,503c003829aee79b4c359c25108646101e9355cc204d450e12b268e99e3b98fb,2024-03-18,2024,LB_20240318_093121_BUY_0001,C_MIXED_PATH,BUY,18301.25,18298.75,2024-03-18T13:31:21.000000Z,2024-03-18T13:31:22.022843Z,2024-03-18T13:31:22.022000Z,GLBX.MDP3,mbo,NQ.v.0,continuous,instrument_id,,,PENDING_METADATA_RESOLUTION,2024-03-18T00:00:00.000000Z,2024-03-18T13:31:22.022000Z,2024-03-18T13:31:22.021999999Z,13.522783888888888,True,True,PREDECISION_ONLY_NO_MFE_MAE_TP_SL_PNL,EXCLUDE_ENTIRE_DECISION_MILLISECOND,ONLY_F_LAST_COMPLETED_BEFORE_EXCLUSIVE_CUTOFF
NQ_MBO_SNAPSHOT_2024-04-02_LB_20240402_093358_SELL_0002,DISCOVERY_100,MBO_SNAPSHOT_PILOT_V1_20260723,bd02174cbb85aac8c7963d3e0e496e33ac07f5139843bae2e40cc11721a28661,2024-04-02,2024,LB_20240402_093358_SELL_0002,C_MIXED_PATH,SELL,18265.0,18268.75,2024-04-02T13:33:58.000000Z,2024-04-02T13:33:59.018225Z,2024-04-02T13:33:59.018000Z,GLBX.MDP3,mbo,NQ.v.0,continuous,instrument_id,,,PENDING_METADATA_RESOLUTION,2024-04-02T00:00:00.000000Z,2024-04-02T13:33:59.018000Z,2024-04-02T13:33:59.017999999Z,13.566393888888888,True,True,PREDECISION_ONLY_NO_MFE_MAE_TP_SL_PNL,EXCLUDE_ENTIRE_DECISION_MILLISECOND,ONLY_F_LAST_COMPLETED_BEFORE_EXCLUSIVE_CUTOFF
NQ_MBO_SNAPSHOT_2024-04-04_LB_20240404_093500_BUY_0001,DISCOVERY_100,MBO_SNAPSHOT_PILOT_V1_20260723,8feedb551bd95e883082dd5325498ba01ea1b4f1fdba13b63acc73ffb792ddc3,2024-04-04,2024,LB_20240404_093500_BUY_0001,B_CLEAN_BREAKOUT,BUY,18552.5,18552.5,2024-04-04T13:35:00.000000Z,2024-04-04T13:35:01.015194Z,2024-04-04T13:35:01.015000Z,GLBX.MDP3,mbo,NQ.v.0,continuous,instrument_id,,,PENDING_METADATA_RESOLUTION,2024-04-04T00:00:00.000000Z,2024-04-04T13:35:01.015000Z,2024-04-04T13:35:01.014999999Z,13.583615277777778,True,True,PREDECISION_ONLY_NO_MFE_MAE_TP_SL_PNL,EXCLUDE_ENTIRE_DECISION_MILLISECOND,ONLY_F_LAST_COMPLETED_BEFORE_EXCLUSIVE_CUTOFF
NQ_MBO_SNAPSHOT_2024-04-05_LB_20240405_093248_SELL_0001,DISCOVERY_100,MBO_SNAPSHOT_PILOT_V1_20260723,39d322dae0cc04ddea072e194098489251fb22ca33cdca48756ef7cedcbe9694,2024-04-05,2024,LB_20240405_093248_SELL_0001,C_MIXED_PATH,SELL,18151.25,18123.75,2024-04-05T13:32:48.000000Z,2024-04-05T13:32:49.026914Z,2024-04-05T13:32:49.026000Z,GLBX.MDP3,mbo,NQ.v.0,continuous,instrument_id,,,PENDING_METADATA_RESOLUTION,2024-04-05T00:00:00.000000Z,2024-04-05T13:32:49.026000Z,2024-04-05T13:32:49.025999999Z,13.546951666666667,True,True,PREDECISION_ONLY_NO_MFE_MAE_TP_SL_PNL,EXCLUDE_ENTIRE_DECISION_MILLISECOND,ONLY_F_LAST_COMPLETED_BEFORE_EXCLUSIVE_CUTOFF
NQ_MBO_SNAPSHOT_2024-04-09_LB_20240409_093342_SELL_0001,DISCOVERY_100,MBO_SNAPSHOT_PILOT_V1_20260723,bb0edd6471d2f10cece675b37a3200812436d33debe10cfd2ce3305e16656f4d,2024-04-09,2024,LB_20240409_093342_SELL_0001,B_CLEAN_BREAKOUT,SELL,18378.75,18380.0,2024-04-09T13:33:42.000000Z,2024-04-09T13:33:43.035664Z,2024-04-09T13:33:43.035000Z,GLBX.MDP3,mbo,NQ.v.0,continuous,instrument_id,,,PENDING_METADATA_RESOLUTION,2024-04-09T00:00:00.000000Z,2024-04-09T13:33:43.035000Z,2024-04-09T13:33:43.034999999Z,13.561954166666668,True,True,PREDECISION_ONLY_NO_MFE_MAE_TP_SL_PNL,EXCLUDE_ENTIRE_DECISION_MILLISECOND,ONLY_F_LAST_COMPLETED_BEFORE_EXCLUSIVE_CUTOFF
NQ_MBO_SNAPSHOT_2024-04-17_LB_20240417_093502_SELL_0001,DISCOVERY_100,MBO_SNAPSHOT_PILOT_V1_20260723,bda4b732771d225101ba9afc9f8ba9c050cfbd7887eb3b5a04e0b90a8759c486,2024-04-17,2024,LB_20240417_093502_SELL_0001,C_MIXED_PATH,SELL,17922.5,17930.0,2024-04-17T13:35:02.000000Z,2024-04-17T13:35:03.057624Z,2024-04-17T13:35:03.057000Z,GLBX.MDP3,mbo,NQ.v.0,continuous,instrument_id,,,PENDING_METADATA_RESOLUTION,2024-04-17T00:00:00.000000Z,2024-04-17T13:35:03.057000Z,2024-04-17T13:35:03.056999999Z,13.5841825,True,True,PREDECISION_ONLY_NO_MFE_MAE_TP_SL_PNL,EXCLUDE_ENTIRE_DECISION_MILLISECOND,ONLY_F_LAST_COMPLETED_BEFORE_EXCLUSIVE_CUTOFF
NQ_MBO_SNAPSHOT_2024-04-18_LB_20240418_093109_SELL_0001,DISCOVERY_100,MBO_SNAPSHOT_PILOT_V1_20260723,60fbb753087191eccc7aa9868fa3095906697829acd0fcecb8e496a30473c86a,2024-04-18,2024,LB_20240418_093109_SELL_0001,B_CLEAN_BREAKOUT,SELL,17660.0,17661.25,2024-04-18T13:31:09.000000Z,2024-04-18T13:31:10.042140Z,2024-04-18T13:31:10.042000Z,GLBX.MDP3,mbo,NQ.v.0,continuous,instrument_id,,,PENDING_METADATA_RESOLUTION,2024-04-18T00:00:00.000000Z,2024-04-18T13:31:10.042000Z,2024-04-18T13:31:10.041999999Z,13.519456111111111,True,True,PREDECISION_ONLY_NO_MFE_MAE_TP_SL_PNL,EXCLUDE_ENTIRE_DECISION_MILLISECOND,ONLY_F_LAST_COMPLETED_BEFORE_EXCLUSIVE_CUTOFF
NQ_MBO_SNAPSHOT_2024-04-23_LB_20240423_093145_BUY_0001,DISCOVERY_100,MBO_SNAPSHOT_PILOT_V1_20260723,f0ae2134f91e2faa8711dcd2c2590a850e2d813c199d503496c234d808e31878,2024-04-23,2024,LB_20240423_093145_BUY_0001,B_CLEAN_BREAKOUT,BUY,17445.0,17440.0,2024-04-23T13:31:45.000000Z,2024-04-23T13:31:46.110957Z,2024-04-23T13:31:46.110000Z,GLBX.MDP3,mbo,NQ.v.0,continuous,instrument_id,,,PENDING_METADATA_RESOLUTION,2024-04-23T00:00:00.000000Z,2024-04-23T13:31:46.110000Z,2024-04-23T13:31:46.109999999Z,13.529475,True,True,PREDECISION_ONLY_NO_MFE_MAE_TP_SL_PNL,EXCLUDE_ENTIRE_DECISION_MILLISECOND,ONLY_F_LAST_COMPLETED_BEFORE_EXCLUSIVE_CUTOFF
NQ_MBO_SNAPSHOT_2024-04-26_LB_20240426_093151_SELL_0001,DISCOVERY_100,MBO_SNAPSHOT_PILOT_V1_20260723,07cbf484fee7501a92fbfdaa71f9856e5ec25f8153303d7ba6c2af6d5bdcb939,2024-04-26,2024,LB_20240426_093151_SELL_0001,C_MIXED_PATH,SELL,17675.0,17687.5,2024-04-26T13:31:51.000000Z,2024-04-26T13:31:52.036258Z,2024-04-26T13:31:52.036000Z,GLBX.MDP3,mbo,NQ.v.0,continuous,instrument_id,,,PENDING_METADATA_RESOLUTION,2024-04-26T00:00:00.000000Z,2024-04-26T13:31:52.036000Z,2024-04-26T13:31:52.035999999Z,13.53112111111111,True,True,PREDECISION_ONLY_NO_MFE_MAE_TP_SL_PNL,EXCLUDE_ENTIRE_DECISION_MILLISECOND,ONLY_F_LAST_COMPLETED_BEFORE_EXCLUSIVE_CUTOFF
NQ_MBO_SNAPSHOT_2024-05-02_LB_20240502_093112_SELL_0001,DISCOVERY_100,MBO_SNAPSHOT_PILOT_V1_20260723,2cf575c28227ebff2e925d575c43cdaa30d351a120bae5ce1bfd30174d232e26,2024-05-02,2024,LB_20240502_093112_SELL_0001,B_CLEAN_BREAKOUT,SELL,17571.25,17575.0,2024-05-02T13:31:12.000000Z,2024-05-02T13:31:13.136347Z,2024-05-02T13:31:13.136000Z,GLBX.MDP3,mbo,NQ.v.0,continuous,instrument_id,,,PENDING_METADATA_RESOLUTION,2024-05-02T00:00:00.000000Z,2024-05-02T13:31:13.136000Z,2024-05-02T13:31:13.135999999Z,13.520315555555555,True,True,PREDECISION_ONLY_NO_MFE_MAE_TP_SL_PNL,EXCLUDE_ENTIRE_DECISION_MILLISECOND,ONLY_F_LAST_COMPLETED_BEFORE_EXCLUSIVE_CUTOFF
NQ_MBO_SNAPSHOT_2024-05-03_LB_20240503_093157_SELL_0001,DISCOVERY_100,MBO_SNAPSHOT_PILOT_V1_20260723,ecd458aa44bf451634c2d056781b8faef7c113d21be199cf2599c0104efb4e95,2024-05-03,2024,LB_20240503_093157_SELL_0001,B_CLEAN_BREAKOUT,SELL,17937.5,17947.5,2024-05-03T13:31:57.000000Z,2024-05-03T13:31:58.173092Z,2024-05-03T13:31:58.173000Z,GLBX.MDP3,mbo,NQ.v.0,continuous,instrument_id,,,PENDING_METADATA_RESOLUTION,2024-05-03T00:00:00.000000Z,2024-05-03T13:31:58.173000Z,2024-05-03T13:31:58.172999999Z,13.532825833333334,True,True,PREDECISION_ONLY_NO_MFE_MAE_TP_SL_PNL,EXCLUDE_ENTIRE_DECISION_MILLISECOND,ONLY_F_LAST_COMPLETED_BEFORE_EXCLUSIVE_CUTOFF
NQ_MBO_SNAPSHOT_2024-05-10_LB_20240510_093420_BUY_0001,DISCOVERY_100,MBO_SNAPSHOT_PILOT_V1_20260723,46cace5bab50ee64d644795ec0c57ead0d2d8f4781a939b96dfecf5271c2b0b6,2024-05-10,2024,LB_20240510_093420_BUY_0001,B_CLEAN_BREAKOUT,BUY,18301.25,18276.25,2024-05-10T13:34:20.000000Z,2024-05-10T13:34:21.121966Z,2024-05-10T13:34:21.121000Z,GLBX.MDP3,mbo,NQ.v.0,continuous,instrument_id,,,PENDING_METADATA_RESOLUTION,2024-05-10T00:00:00.000000Z,2024-05-10T13:34:21.121000Z,2024-05-10T13:34:21.120999999Z,13.57253361111111,True,True,PREDECISION_ONLY_NO_MFE_MAE_TP_SL_PNL,EXCLUDE_ENTIRE_DECISION_MILLISECOND,ONLY_F_LAST_COMPLETED_BEFORE_EXCLUSIVE_CUTOFF
NQ_MBO_SNAPSHOT_2024-05-20_LB_20240520_093220_BUY_0001,DISCOVERY_100,MBO_SNAPSHOT_PILOT_V1_20260723,776e54e4257f7ae366a089649a7d7c91e37ad6a429d1001b2f440901de77c068,2024-05-20,2024,LB_20240520_093220_BUY_0001,B_CLEAN_BREAKOUT,BUY,18661.25,18647.5,2024-05-20T13:32:20.000000Z,2024-05-20T13:32:21.062444Z,2024-05-20T13:32:21.062000Z,GLBX.MDP3,mbo,NQ.v.0,continuous,instrument_id,,,PENDING_METADATA_RESOLUTION,2024-05-20T00:00:00.000000Z,2024-05-20T13:32:21.062000Z,2024-05-20T13:32:21.061999999Z,13.53918388888889,True,True,PREDECISION_ONLY_NO_MFE_MAE_TP_SL_PNL,EXCLUDE_ENTIRE_DECISION_MILLISECOND,ONLY_F_LAST_COMPLETED_BEFORE_EXCLUSIVE_CUTOFF
NQ_MBO_SNAPSHOT_2024-05-28_LB_20240528_093142_BUY_0001,DISCOVERY_100,MBO_SNAPSHOT_PILOT_V1_20260723,0468364e31535813133e5b3fa7cc1c622feaed22d17aae43021f983266c4a45b,2024-05-28,2024,LB_20240528_093142_BUY_0001,C_MIXED_PATH,BUY,18936.25,18925.0,2024-05-28T13:31:42.000000Z,2024-05-28T13:31:43.048095Z,2024-05-28T13:31:43.048000Z,GLBX.MDP3,mbo,NQ.v.0,continuous,instrument_id,,,PENDING_METADATA_RESOLUTION,2024-05-28T00:00:00.000000Z,2024-05-28T13:31:43.048000Z,2024-05-28T13:31:43.047999999Z,13.528624444444445,True,True,PREDECISION_ONLY_NO_MFE_MAE_TP_SL_PNL,EXCLUDE_ENTIRE_DECISION_MILLISECOND,ONLY_F_LAST_COMPLETED_BEFORE_EXCLUSIVE_CUTOFF
NQ_MBO_SNAPSHOT_2024-06-05_LB_20240605_093547_SELL_0002,DISCOVERY_100,MBO_SNAPSHOT_PILOT_V1_20260723,718226fb959f59db5e2da57de92edd64c7e57452febccb33680cdfb135be051c,2024-06-05,2024,LB_20240605_093547_SELL_0002,C_MIXED_PATH,SELL,18817.5,18823.75,2024-06-05T13:35:47.000000Z,2024-06-05T13:35:48.054540Z,2024-06-05T13:35:48.054000Z,GLBX.MDP3,mbo,NQ.v.0,continuous,instrument_id,,,PENDING_METADATA_RESOLUTION,2024-06-05T00:00:00.000000Z,2024-06-05T13:35:48.054000Z,2024-06-05T13:35:48.053999999Z,13.596681666666665,True,True,PREDECISION_ONLY_NO_MFE_MAE_TP_SL_PNL,EXCLUDE_ENTIRE_DECISION_MILLISECOND,ONLY_F_LAST_COMPLETED_BEFORE_EXCLUSIVE_CUTOFF
NQ_MBO_SNAPSHOT_2024-06-06_LB_20240606_093413_BUY_0001,DISCOVERY_100,MBO_SNAPSHOT_PILOT_V1_20260723,8ed08eae74b29033ad5519342998c0fe5629212376b1c3c05b316bce621bf0d7,2024-06-06,2024,LB_20240606_093413_BUY_0001,C_MIXED_PATH,BUY,19107.5,19105.0,2024-06-06T13:34:13.000000Z,2024-06-06T13:34:14.079319Z,2024-06-06T13:34:14.079000Z,GLBX.MDP3,mbo,NQ.v.0,continuous,instrument_id,,,PENDING_METADATA_RESOLUTION,2024-06-06T00:00:00.000000Z,2024-06-06T13:34:14.079000Z,2024-06-06T13:34:14.078999999Z,13.570577499999999,True,True,PREDECISION_ONLY_NO_MFE_MAE_TP_SL_PNL,EXCLUDE_ENTIRE_DECISION_MILLISECOND,ONLY_F_LAST_COMPLETED_BEFORE_EXCLUSIVE_CUTOFF
NQ_MBO_SNAPSHOT_2024-06-11_LB_20240611_093350_BUY_0001,DISCOVERY_100,MBO_SNAPSHOT_PILOT_V1_20260723,602b187752be61d25390ba5cf66238bc29c2c97b0230ca1e7774a057e12eedea,2024-06-11,2024,LB_20240611_093350_BUY_0001,A_TRUE_ABSORPTION,BUY,19073.75,19066.25,2024-06-11T13:33:50.000000Z,2024-06-11T13:33:51.059816Z,2024-06-11T13:33:51.059000Z,GLBX.MDP3,mbo,NQ.v.0,continuous,instrument_id,,,PENDING_METADATA_RESOLUTION,2024-06-11T00:00:00.000000Z,2024-06-11T13:33:51.059000Z,2024-06-11T13:33:51.058999999Z,13.564183055555556,True,True,PREDECISION_ONLY_NO_MFE_MAE_TP_SL_PNL,EXCLUDE_ENTIRE_DECISION_MILLISECOND,ONLY_F_LAST_COMPLETED_BEFORE_EXCLUSIVE_CUTOFF
NQ_MBO_SNAPSHOT_2024-06-13_LB_20240613_093209_BUY_0001,DISCOVERY_100,MBO_SNAPSHOT_PILOT_V1_20260723,546fd317d61416c693dd659bb1d5a0b9c5760476ceed52e979f000f5488f4c88,2024-06-13,2024,LB_20240613_093209_BUY_0001,C_MIXED_PATH,BUY,19647.5,19643.75,2024-06-13T13:32:09.000000Z,2024-06-13T13:32:10.037595Z,2024-06-13T13:32:10.037000Z,GLBX.MDP3,mbo,NQ.v.0,continuous,instrument_id,,,PENDING_METADATA_RESOLUTION,2024-06-13T00:00:00.000000Z,2024-06-13T13:32:10.037000Z,2024-06-13T13:32:10.036999999Z,13.536121388888889,True,True,PREDECISION_ONLY_NO_MFE_MAE_TP_SL_PNL,EXCLUDE_ENTIRE_DECISION_MILLISECOND,ONLY_F_LAST_COMPLETED_BEFORE_EXCLUSIVE_CUTOFF
NQ_MBO_SNAPSHOT_2024-06-14_LB_20240614_093644_BUY_0001,DISCOVERY_100,MBO_SNAPSHOT_PILOT_V1_20260723,0ee6986b6a311e9126aedcfe08d8e751a9986bcc6f60295637d0645bf2df2046,2024-06-14,2024,LB_20240614_093644_BUY_0001,B_CLEAN_BREAKOUT,BUY,19587.5,19583.75,2024-06-14T13:36:44.000000Z,2024-06-14T13:36:45.081257Z,2024-06-14T13:36:45.081000Z,GLBX.MDP3,mbo,NQ.v.0,continuous,instrument_id,,,PENDING_METADATA_RESOLUTION,2024-06-14T00:00:00.000000Z,2024-06-14T13:36:45.081000Z,2024-06-14T13:36:45.080999999Z,13.612522499999999,True,True,PREDECISION_ONLY_NO_MFE_MAE_TP_SL_PNL,EXCLUDE_ENTIRE_DECISION_MILLISECOND,ONLY_F_LAST_COMPLETED_BEFORE_EXCLUSIVE_CUTOFF
NQ_MBO_SNAPSHOT_2024-07-08_LB_20240708_093223_BUY_0001,DISCOVERY_100,MBO_SNAPSHOT_PILOT_V1_20260723,b2280784ed6eb0e790d9ba87834ffd46b0333a2f1b179371cf507c2631a94d97,2024-07-08,2024,LB_20240708_093223_BUY_0001,A_TRUE_ABSORPTION,BUY,20642.5,20637.5,2024-07-08T13:32:23.000000Z,2024-07-08T13:32:24.063515Z,2024-07-08T13:32:24.063000Z,GLBX.MDP3,mbo,NQ.v.0,continuous,instrument_id,,,PENDING_METADATA_RESOLUTION,2024-07-08T00:00:00.000000Z,2024-07-08T13:32:24.063000Z,2024-07-08T13:32:24.062999999Z,13.540017500000001,True,True,PREDECISION_ONLY_NO_MFE_MAE_TP_SL_PNL,EXCLUDE_ENTIRE_DECISION_MILLISECOND,ONLY_F_LAST_COMPLETED_BEFORE_EXCLUSIVE_CUTOFF
NQ_MBO_SNAPSHOT_2024-07-12_LB_20240712_093101_BUY_0001,DISCOVERY_100,MBO_SNAPSHOT_PILOT_V1_20260723,5f6aaafe83d0e17a28871e5f7e95654a04df6f09a52b72a5c2972ddeae38fd0a,2024-07-12,2024,LB_20240712_093101_BUY_0001,A_TRUE_ABSORPTION,BUY,20468.75,20461.25,2024-07-12T13:31:01.000000Z,2024-07-12T13:31:02.044351Z,2024-07-12T13:31:02.044000Z,GLBX.MDP3,mbo,NQ.v.0,continuous,instrument_id,,,PENDING_METADATA_RESOLUTION,2024-07-12T00:00:00.000000Z,2024-07-12T13:31:02.044000Z,2024-07-12T13:31:02.043999999Z,13.517234444444444,True,True,PREDECISION_ONLY_NO_MFE_MAE_TP_SL_PNL,EXCLUDE_ENTIRE_DECISION_MILLISECOND,ONLY_F_LAST_COMPLETED_BEFORE_EXCLUSIVE_CUTOFF
NQ_MBO_SNAPSHOT_2024-07-16_LB_20240716_093212_BUY_0001,DISCOVERY_100,MBO_SNAPSHOT_PILOT_V1_20260723,2d3d79e8bb14b1f89f2b259ceaa9c8e2f8ff73fd36cdbebe5d4ec3f516cbd44a,2024-07-16,2024,LB_20240716_093212_BUY_0001,A_TRUE_ABSORPTION,BUY,20660.0,20657.5,2024-07-16T13:32:12.000000Z,2024-07-16T13:32:13.083597Z,2024-07-16T13:32:13.083000Z,GLBX.MDP3,mbo,NQ.v.0,continuous,instrument_id,,,PENDING_METADATA_RESOLUTION,2024-07-16T00:00:00.000000Z,2024-07-16T13:32:13.083000Z,2024-07-16T13:32:13.082999999Z,13.5369675,True,True,PREDECISION_ONLY_NO_MFE_MAE_TP_SL_PNL,EXCLUDE_ENTIRE_DECISION_MILLISECOND,ONLY_F_LAST_COMPLETED_BEFORE_EXCLUSIVE_CUTOFF
NQ_MBO_SNAPSHOT_2024-07-18_LB_20240718_093155_SELL_0001,DISCOVERY_100,MBO_SNAPSHOT_PILOT_V1_20260723,2ffe52cfd592753b2ed43b314b411f980e99574f188c30a71b0a29872aedc784,2024-07-18,2024,LB_20240718_093155_SELL_0001,C_MIXED_PATH,SELL,20112.5,20118.75,2024-07-18T13:31:55.000000Z,2024-07-18T13:31:56.057671Z,2024-07-18T13:31:56.057000Z,GLBX.MDP3,mbo,NQ.v.0,continuous,instrument_id,,,PENDING_METADATA_RESOLUTION,2024-07-18T00:00:00.000000Z,2024-07-18T13:31:56.057000Z,2024-07-18T13:31:56.056999999Z,13.532238055555556,True,True,PREDECISION_ONLY_NO_MFE_MAE_TP_SL_PNL,EXCLUDE_ENTIRE_DECISION_MILLISECOND,ONLY_F_LAST_COMPLETED_BEFORE_EXCLUSIVE_CUTOFF
NQ_MBO_SNAPSHOT_2024-07-22_LB_20240722_093156_SELL_0001,DISCOVERY_100,MBO_SNAPSHOT_PILOT_V1_20260723,ba2897a10ec8c5fd46f8fefcd1bae89b830c882b3c1cb7bfc84b8859ae90b8c5,2024-07-22,2024,LB_20240722_093156_SELL_0001,A_TRUE_ABSORPTION,SELL,19900.0,19910.0,2024-07-22T13:31:56.000000Z,2024-07-22T13:31:57.031422Z,2024-07-22T13:31:57.031000Z,GLBX.MDP3,mbo,NQ.v.0,continuous,instrument_id,,,PENDING_METADATA_RESOLUTION,2024-07-22T00:00:00.000000Z,2024-07-22T13:31:57.031000Z,2024-07-22T13:31:57.030999999Z,13.532508611111112,True,True,PREDECISION_ONLY_NO_MFE_MAE_TP_SL_PNL,EXCLUDE_ENTIRE_DECISION_MILLISECOND,ONLY_F_LAST_COMPLETED_BEFORE_EXCLUSIVE_CUTOFF
NQ_MBO_SNAPSHOT_2024-07-26_LB_20240726_093346_SELL_0001,DISCOVERY_100,MBO_SNAPSHOT_PILOT_V1_20260723,51fd4db28ed294b57af489678e71dc7cc658dd333669758032e3f2d6a7d021ac,2024-07-26,2024,LB_20240726_093346_SELL_0001,B_CLEAN_BREAKOUT,SELL,19118.75,19120.0,2024-07-26T13:33:46.000000Z,2024-07-26T13:33:47.092358Z,2024-07-26T13:33:47.092000Z,GLBX.MDP3,mbo,NQ.v.0,continuous,instrument_id,,,PENDING_METADATA_RESOLUTION,2024-07-26T00:00:00.000000Z,2024-07-26T13:33:47.092000Z,2024-07-26T13:33:47.091999999Z,13.56308111111111,True,True,PREDECISION_ONLY_NO_MFE_MAE_TP_SL_PNL,EXCLUDE_ENTIRE_DECISION_MILLISECOND,ONLY_F_LAST_COMPLETED_BEFORE_EXCLUSIVE_CUTOFF
NQ_MBO_SNAPSHOT_2024-07-30_LB_20240730_093638_BUY_0001,DISCOVERY_100,MBO_SNAPSHOT_PILOT_V1_20260723,c23664410b5dd8f6285d876b6685028fd2563a365d13fd400e16244097461d85,2024-07-30,2024,LB_20240730_093638_BUY_0001,C_MIXED_PATH,BUY,19301.25,19293.75,2024-07-30T13:36:38.000000Z,2024-07-30T13:36:39.134783Z,2024-07-30T13:36:39.134000Z,GLBX.MDP3,mbo,NQ.v.0,continuous,instrument_id,,,PENDING_METADATA_RESOLUTION,2024-07-30T00:00:00.000000Z,2024-07-30T13:36:39.134000Z,2024-07-30T13:36:39.133999999Z,13.610870555555556,True,True,PREDECISION_ONLY_NO_MFE_MAE_TP_SL_PNL,EXCLUDE_ENTIRE_DECISION_MILLISECOND,ONLY_F_LAST_COMPLETED_BEFORE_EXCLUSIVE_CUTOFF
NQ_MBO_SNAPSHOT_2024-08-08_LB_20240808_093753_SELL_0001,DISCOVERY_100,MBO_SNAPSHOT_PILOT_V1_20260723,6099ecce65fe6bdbae7f1993ec55c4c07786765d20ac8af259bf871579348c64,2024-08-08,2024,LB_20240808_093753_SELL_0001,A_TRUE_ABSORPTION,SELL,18165.0,18203.75,2024-08-08T13:37:53.000000Z,2024-08-08T13:37:54.045415Z,2024-08-08T13:37:54.045000Z,GLBX.MDP3,mbo,NQ.v.0,continuous,instrument_id,,,PENDING_METADATA_RESOLUTION,2024-08-08T00:00:00.000000Z,2024-08-08T13:37:54.045000Z,2024-08-08T13:37:54.044999999Z,13.631679166666666,True,True,PREDECISION_ONLY_NO_MFE_MAE_TP_SL_PNL,EXCLUDE_ENTIRE_DECISION_MILLISECOND,ONLY_F_LAST_COMPLETED_BEFORE_EXCLUSIVE_CUTOFF
NQ_MBO_SNAPSHOT_2024-08-13_LB_20240813_093126_BUY_0001,DISCOVERY_100,MBO_SNAPSHOT_PILOT_V1_20260723,5031fd3c4f8a427f2007430ecbf275a795515653703467a5832a4eca482d7b4a,2024-08-13,2024,LB_20240813_093126_BUY_0001,B_CLEAN_BREAKOUT,BUY,18851.25,18845.0,2024-08-13T13:31:26.000000Z,2024-08-13T13:31:27.070102Z,2024-08-13T13:31:27.070000Z,GLBX.MDP3,mbo,NQ.v.0,continuous,instrument_id,,,PENDING_METADATA_RESOLUTION,2024-08-13T00:00:00.000000Z,2024-08-13T13:31:27.070000Z,2024-08-13T13:31:27.069999999Z,13.524186111111112,True,True,PREDECISION_ONLY_NO_MFE_MAE_TP_SL_PNL,EXCLUDE_ENTIRE_DECISION_MILLISECOND,ONLY_F_LAST_COMPLETED_BEFORE_EXCLUSIVE_CUTOFF
NQ_MBO_SNAPSHOT_2024-08-14_LB_20240814_093352_SELL_0001,DISCOVERY_100,MBO_SNAPSHOT_PILOT_V1_20260723,dfcfbebf0629522527128c03286eaf0068f5682424227470d670330cacb7b055,2024-08-14,2024,LB_20240814_093352_SELL_0001,A_TRUE_ABSORPTION,SELL,19117.5,19128.75,2024-08-14T13:33:52.000000Z,2024-08-14T13:33:53.036680Z,2024-08-14T13:33:53.036000Z,GLBX.MDP3,mbo,NQ.v.0,continuous,instrument_id,,,PENDING_METADATA_RESOLUTION,2024-08-14T00:00:00.000000Z,2024-08-14T13:33:53.036000Z,2024-08-14T13:33:53.035999999Z,13.564732222222222,True,True,PREDECISION_ONLY_NO_MFE_MAE_TP_SL_PNL,EXCLUDE_ENTIRE_DECISION_MILLISECOND,ONLY_F_LAST_COMPLETED_BEFORE_EXCLUSIVE_CUTOFF
