feature,source,feature_timestamp_start_rule,feature_timestamp_end_rule,prediction_timestamp_min,prediction_timestamp_max,causal_flag,future_information,decision
Delta1s,burst_events,prediction_timestamp-1s,prediction_timestamp+0s,2022-04-05 13:32:01.026000+00:00,2026-07-08 13:31:56.092945800+00:00,1,0,ACCEPT_CAUSAL
Delta2s,burst_events,prediction_timestamp-2s,prediction_timestamp+0s,2022-04-05 13:32:01.026000+00:00,2026-07-08 13:31:56.092945800+00:00,1,0,ACCEPT_CAUSAL
Delta3s,burst_events,prediction_timestamp-3s,prediction_timestamp+0s,2022-04-05 13:32:01.026000+00:00,2026-07-08 13:31:56.092945800+00:00,1,0,ACCEPT_CAUSAL
Delta5s,burst_events,prediction_timestamp-5s,prediction_timestamp+0s,2022-04-05 13:32:01.026000+00:00,2026-07-08 13:31:56.092945800+00:00,1,0,ACCEPT_CAUSAL
Delta10s,burst_events,prediction_timestamp-10s,prediction_timestamp+0s,2022-04-05 13:32:01.026000+00:00,2026-07-08 13:31:56.092945800+00:00,1,0,ACCEPT_CAUSAL
PeakPositiveDelta,burst_events,prediction_timestamp-10s,prediction_timestamp+0s,2022-04-05 13:32:01.026000+00:00,2026-07-08 13:31:56.092945800+00:00,1,0,ACCEPT_CAUSAL
PeakNegativeDelta,burst_events,prediction_timestamp-10s,prediction_timestamp+0s,2022-04-05 13:32:01.026000+00:00,2026-07-08 13:31:56.092945800+00:00,1,0,ACCEPT_CAUSAL
DeltaChange1s,burst_events,prediction_timestamp-2s,prediction_timestamp+0s,2022-04-05 13:32:01.026000+00:00,2026-07-08 13:31:56.092945800+00:00,1,0,ACCEPT_CAUSAL
DeltaChangeZScore,burst_events,prediction_timestamp-300s,prediction_timestamp+0s,2022-04-05 13:32:01.026000+00:00,2026-07-08 13:31:56.092945800+00:00,1,0,ACCEPT_CAUSAL
DeltaPercentile,burst_events,prediction_timestamp-300s,prediction_timestamp+0s,2022-04-05 13:32:01.026000+00:00,2026-07-08 13:31:56.092945800+00:00,1,0,ACCEPT_CAUSAL
BuySellRatio,burst_events,prediction_timestamp-1s,prediction_timestamp+0s,2022-04-05 13:32:01.026000+00:00,2026-07-08 13:31:56.092945800+00:00,1,0,ACCEPT_CAUSAL
TradesPerSecond,burst_events,prediction_timestamp-1s,prediction_timestamp+0s,2022-04-05 13:32:01.026000+00:00,2026-07-08 13:31:56.092945800+00:00,1,0,ACCEPT_CAUSAL
ContractsPerSecond,burst_events,prediction_timestamp-1s,prediction_timestamp+0s,2022-04-05 13:32:01.026000+00:00,2026-07-08 13:31:56.092945800+00:00,1,0,ACCEPT_CAUSAL
Velocity1s,burst_events,prediction_timestamp-1s,prediction_timestamp+0s,2022-04-05 13:32:01.026000+00:00,2026-07-08 13:31:56.092945800+00:00,1,0,ACCEPT_CAUSAL
Velocity3s,burst_events,prediction_timestamp-3s,prediction_timestamp+0s,2022-04-05 13:32:01.026000+00:00,2026-07-08 13:31:56.092945800+00:00,1,0,ACCEPT_CAUSAL
Velocity5s,burst_events,prediction_timestamp-5s,prediction_timestamp+0s,2022-04-05 13:32:01.026000+00:00,2026-07-08 13:31:56.092945800+00:00,1,0,ACCEPT_CAUSAL
Acceleration1s,burst_events,prediction_timestamp-2s,prediction_timestamp+0s,2022-04-05 13:32:01.026000+00:00,2026-07-08 13:31:56.092945800+00:00,1,0,ACCEPT_CAUSAL
Acceleration3s,burst_events,prediction_timestamp-4s,prediction_timestamp+0s,2022-04-05 13:32:01.026000+00:00,2026-07-08 13:31:56.092945800+00:00,1,0,ACCEPT_CAUSAL
TicksPerSecond,burst_events,prediction_timestamp-1s,prediction_timestamp+0s,2022-04-05 13:32:01.026000+00:00,2026-07-08 13:31:56.092945800+00:00,1,0,ACCEPT_CAUSAL
CumulativeDeltaWindow,burst_events,prediction_timestamp-3s,prediction_timestamp+0s,2022-04-05 13:32:01.026000+00:00,2026-07-08 13:31:56.092945800+00:00,1,0,ACCEPT_CAUSAL
OR_WidthTicks,burst_events,prediction_timestamp-60s,prediction_timestamp+0s,2022-04-05 13:32:01.026000+00:00,2026-07-08 13:31:56.092945800+00:00,1,0,ACCEPT_CAUSAL
Dist_OR_High_Ticks,burst_events,prediction_timestamp-60s,prediction_timestamp+0s,2022-04-05 13:32:01.026000+00:00,2026-07-08 13:31:56.092945800+00:00,1,0,ACCEPT_CAUSAL
Dist_OR_Low_Ticks,burst_events,prediction_timestamp-60s,prediction_timestamp+0s,2022-04-05 13:32:01.026000+00:00,2026-07-08 13:31:56.092945800+00:00,1,0,ACCEPT_CAUSAL
Dist_VWAP_Ticks,burst_events,prediction_timestamp-1800s,prediction_timestamp+0s,2022-04-05 13:32:01.026000+00:00,2026-07-08 13:31:56.092945800+00:00,1,0,ACCEPT_CAUSAL
Dist_POC_Ticks,burst_events,prediction_timestamp-1800s,prediction_timestamp+0s,2022-04-05 13:32:01.026000+00:00,2026-07-08 13:31:56.092945800+00:00,1,0,ACCEPT_CAUSAL
Dist_VAH_Ticks,burst_events,prediction_timestamp-1800s,prediction_timestamp+0s,2022-04-05 13:32:01.026000+00:00,2026-07-08 13:31:56.092945800+00:00,1,0,ACCEPT_CAUSAL
Dist_VAL_Ticks,burst_events,prediction_timestamp-1800s,prediction_timestamp+0s,2022-04-05 13:32:01.026000+00:00,2026-07-08 13:31:56.092945800+00:00,1,0,ACCEPT_CAUSAL
Dist_HVN_Ticks,burst_events,prediction_timestamp-1800s,prediction_timestamp+0s,2022-04-05 13:32:01.026000+00:00,2026-07-08 13:31:56.092945800+00:00,1,0,ACCEPT_CAUSAL
Dist_LVN_Ticks,burst_events,prediction_timestamp-1800s,prediction_timestamp+0s,2022-04-05 13:32:01.026000+00:00,2026-07-08 13:31:56.092945800+00:00,1,0,ACCEPT_CAUSAL
PreBurst_Acceptance_Dwell_Ratio_5s,burst_events,prediction_timestamp-5s,prediction_timestamp+0s,2022-04-05 13:32:01.026000+00:00,2026-07-08 13:31:56.092945800+00:00,1,0,ACCEPT_CAUSAL
PreBurst_Reclaim_Count_10s,burst_events,prediction_timestamp-10s,prediction_timestamp+0s,2022-04-05 13:32:01.026000+00:00,2026-07-08 13:31:56.092945800+00:00,1,0,ACCEPT_CAUSAL
PreBurst_Rotation_Index_10s,burst_events,prediction_timestamp-10s,prediction_timestamp+0s,2022-04-05 13:32:01.026000+00:00,2026-07-08 13:31:56.092945800+00:00,1,0,ACCEPT_CAUSAL
PreBurst_Local_Entropy_10s,burst_events,prediction_timestamp-10s,prediction_timestamp+0s,2022-04-05 13:32:01.026000+00:00,2026-07-08 13:31:56.092945800+00:00,1,0,ACCEPT_CAUSAL
PreBurst_Path_Efficiency_10s,burst_events,prediction_timestamp-10s,prediction_timestamp+0s,2022-04-05 13:32:01.026000+00:00,2026-07-08 13:31:56.092945800+00:00,1,0,ACCEPT_CAUSAL
PreBurst_Price_Per_Delta_3s,burst_events,prediction_timestamp-3s,prediction_timestamp+0s,2022-04-05 13:32:01.026000+00:00,2026-07-08 13:31:56.092945800+00:00,1,0,ACCEPT_CAUSAL
PreBurst_Price_Per_Volume_3s,burst_events,prediction_timestamp-3s,prediction_timestamp+0s,2022-04-05 13:32:01.026000+00:00,2026-07-08 13:31:56.092945800+00:00,1,0,ACCEPT_CAUSAL
PreBurst_Impulse_Survival_Seconds,burst_events,prediction_timestamp-5s,prediction_timestamp+0s,2022-04-05 13:32:01.026000+00:00,2026-07-08 13:31:56.092945800+00:00,1,0,ACCEPT_CAUSAL
PreBurst_Impulse_Decay_Slope_5s,burst_events,prediction_timestamp-5s,prediction_timestamp+0s,2022-04-05 13:32:01.026000+00:00,2026-07-08 13:31:56.092945800+00:00,1,0,ACCEPT_CAUSAL
Profile_Std_Ticks,burst_events,prediction_timestamp-1800s,prediction_timestamp+0s,2022-04-05 13:32:01.026000+00:00,2026-07-08 13:31:56.092945800+00:00,1,0,ACCEPT_CAUSAL
Profile_Skewness,burst_events,prediction_timestamp-1800s,prediction_timestamp+0s,2022-04-05 13:32:01.026000+00:00,2026-07-08 13:31:56.092945800+00:00,1,0,ACCEPT_CAUSAL
Profile_Excess_Kurtosis,burst_events,prediction_timestamp-1800s,prediction_timestamp+0s,2022-04-05 13:32:01.026000+00:00,2026-07-08 13:31:56.092945800+00:00,1,0,ACCEPT_CAUSAL
Profile_Normalized_Entropy,burst_events,prediction_timestamp-1800s,prediction_timestamp+0s,2022-04-05 13:32:01.026000+00:00,2026-07-08 13:31:56.092945800+00:00,1,0,ACCEPT_CAUSAL
Profile_Concentration,burst_events,prediction_timestamp-1800s,prediction_timestamp+0s,2022-04-05 13:32:01.026000+00:00,2026-07-08 13:31:56.092945800+00:00,1,0,ACCEPT_CAUSAL
Profile_Effective_Nodes,burst_events,prediction_timestamp-1800s,prediction_timestamp+0s,2022-04-05 13:32:01.026000+00:00,2026-07-08 13:31:56.092945800+00:00,1,0,ACCEPT_CAUSAL
Profile_Local_Maxima_Count,burst_events,prediction_timestamp-1800s,prediction_timestamp+0s,2022-04-05 13:32:01.026000+00:00,2026-07-08 13:31:56.092945800+00:00,1,0,ACCEPT_CAUSAL
Profile_Position_Percentile,burst_events,prediction_timestamp-1800s,prediction_timestamp+0s,2022-04-05 13:32:01.026000+00:00,2026-07-08 13:31:56.092945800+00:00,1,0,ACCEPT_CAUSAL
POC_Migration_Ticks,burst_events,prediction_timestamp-1800s,prediction_timestamp+0s,2022-04-05 13:32:01.026000+00:00,2026-07-08 13:31:56.092945800+00:00,1,0,ACCEPT_CAUSAL
Flow_0_1_DirectionalNetDelta,burst_events,prediction_timestamp-1s,prediction_timestamp+0s,2022-04-05 13:32:01.026000+00:00,2026-07-08 13:31:56.092945800+00:00,1,0,ACCEPT_CAUSAL
Flow_1_3_DirectionalNetDelta,burst_events,prediction_timestamp-3s,prediction_timestamp-1s,2022-04-05 13:32:01.026000+00:00,2026-07-08 13:31:56.092945800+00:00,1,0,ACCEPT_CAUSAL
Flow_3_5_DirectionalNetDelta,burst_events,prediction_timestamp-5s,prediction_timestamp-3s,2022-04-05 13:32:01.026000+00:00,2026-07-08 13:31:56.092945800+00:00,1,0,ACCEPT_CAUSAL
Flow_0_1_GrossAggressive,burst_events,prediction_timestamp-1s,prediction_timestamp+0s,2022-04-05 13:32:01.026000+00:00,2026-07-08 13:31:56.092945800+00:00,1,0,ACCEPT_CAUSAL
Flow_1_3_GrossAggressive,burst_events,prediction_timestamp-3s,prediction_timestamp-1s,2022-04-05 13:32:01.026000+00:00,2026-07-08 13:31:56.092945800+00:00,1,0,ACCEPT_CAUSAL
Flow_3_5_GrossAggressive,burst_events,prediction_timestamp-5s,prediction_timestamp-3s,2022-04-05 13:32:01.026000+00:00,2026-07-08 13:31:56.092945800+00:00,1,0,ACCEPT_CAUSAL
Flow_0_1_CounterflowShare,burst_events,prediction_timestamp-1s,prediction_timestamp+0s,2022-04-05 13:32:01.026000+00:00,2026-07-08 13:31:56.092945800+00:00,1,0,ACCEPT_CAUSAL
Flow_1_3_CounterflowShare,burst_events,prediction_timestamp-3s,prediction_timestamp-1s,2022-04-05 13:32:01.026000+00:00,2026-07-08 13:31:56.092945800+00:00,1,0,ACCEPT_CAUSAL
Flow_3_5_CounterflowShare,burst_events,prediction_timestamp-5s,prediction_timestamp-3s,2022-04-05 13:32:01.026000+00:00,2026-07-08 13:31:56.092945800+00:00,1,0,ACCEPT_CAUSAL
Flow_0_1_DirectionalVelocityTPS,burst_events,prediction_timestamp-1s,prediction_timestamp+0s,2022-04-05 13:32:01.026000+00:00,2026-07-08 13:31:56.092945800+00:00,1,0,ACCEPT_CAUSAL
Flow_1_3_DirectionalVelocityTPS,burst_events,prediction_timestamp-3s,prediction_timestamp-1s,2022-04-05 13:32:01.026000+00:00,2026-07-08 13:31:56.092945800+00:00,1,0,ACCEPT_CAUSAL
Flow_3_5_DirectionalVelocityTPS,burst_events,prediction_timestamp-5s,prediction_timestamp-3s,2022-04-05 13:32:01.026000+00:00,2026-07-08 13:31:56.092945800+00:00,1,0,ACCEPT_CAUSAL
Flow_0_1_TicksPerAggressiveContract,burst_events,prediction_timestamp-1s,prediction_timestamp+0s,2022-04-05 13:32:01.026000+00:00,2026-07-08 13:31:56.092945800+00:00,1,0,ACCEPT_CAUSAL
Velocity_Retention_1_3,burst_events,prediction_timestamp-3s,prediction_timestamp+0s,2022-04-05 13:32:01.026000+00:00,2026-07-08 13:31:56.092945800+00:00,1,0,ACCEPT_CAUSAL
Velocity_Retention_3_5,burst_events,prediction_timestamp-5s,prediction_timestamp-1s,2022-04-05 13:32:01.026000+00:00,2026-07-08 13:31:56.092945800+00:00,1,0,ACCEPT_CAUSAL
Delta_Retention_1_3,burst_events,prediction_timestamp-3s,prediction_timestamp+0s,2022-04-05 13:32:01.026000+00:00,2026-07-08 13:31:56.092945800+00:00,1,0,ACCEPT_CAUSAL
Delta_Retention_3_5,burst_events,prediction_timestamp-5s,prediction_timestamp-1s,2022-04-05 13:32:01.026000+00:00,2026-07-08 13:31:56.092945800+00:00,1,0,ACCEPT_CAUSAL
Prior_Level_Touches_60s,burst_events,prediction_timestamp-60s,prediction_timestamp+0s,2022-04-05 13:32:01.026000+00:00,2026-07-08 13:31:56.092945800+00:00,1,0,ACCEPT_CAUSAL
Prior_Full_Crosses_60s,burst_events,prediction_timestamp-60s,prediction_timestamp+0s,2022-04-05 13:32:01.026000+00:00,2026-07-08 13:31:56.092945800+00:00,1,0,ACCEPT_CAUSAL
Prior_Volume_At_Level_Band_60s,burst_events,prediction_timestamp-60s,prediction_timestamp+0s,2022-04-05 13:32:01.026000+00:00,2026-07-08 13:31:56.092945800+00:00,1,0,ACCEPT_CAUSAL
Pre_Approach_Distance_Ticks,burst_events,prediction_timestamp-5s,prediction_timestamp+0s,2022-04-05 13:32:01.026000+00:00,2026-07-08 13:31:56.092945800+00:00,1,0,ACCEPT_CAUSAL
Pre_Approach_Velocity_TPS,burst_events,prediction_timestamp-5s,prediction_timestamp+0s,2022-04-05 13:32:01.026000+00:00,2026-07-08 13:31:56.092945800+00:00,1,0,ACCEPT_CAUSAL
Pre_Approach_Pause_Seconds,burst_events,prediction_timestamp-5s,prediction_timestamp+0s,2022-04-05 13:32:01.026000+00:00,2026-07-08 13:31:56.092945800+00:00,1,0,ACCEPT_CAUSAL
Time_Since_Last_Prior_Level_Touch_Seconds,burst_events,prediction_timestamp-60s,prediction_timestamp+0s,2022-04-05 13:32:01.026000+00:00,2026-07-08 13:31:56.092945800+00:00,1,0,ACCEPT_CAUSAL
Realized_Volatility_10s_Ticks,burst_events,prediction_timestamp-10s,prediction_timestamp+0s,2022-04-05 13:32:01.026000+00:00,2026-07-08 13:31:56.092945800+00:00,1,0,ACCEPT_CAUSAL
Realized_Volatility_30s_Ticks,burst_events,prediction_timestamp-30s,prediction_timestamp+0s,2022-04-05 13:32:01.026000+00:00,2026-07-08 13:31:56.092945800+00:00,1,0,ACCEPT_CAUSAL
Realized_Volatility_60s_Ticks,burst_events,prediction_timestamp-60s,prediction_timestamp+0s,2022-04-05 13:32:01.026000+00:00,2026-07-08 13:31:56.092945800+00:00,1,0,ACCEPT_CAUSAL
Short_Long_Volatility_Ratio,burst_events,prediction_timestamp-60s,prediction_timestamp+0s,2022-04-05 13:32:01.026000+00:00,2026-07-08 13:31:56.092945800+00:00,1,0,ACCEPT_CAUSAL
Flow_Aligned_Segment_Count,burst_events,prediction_timestamp-5s,prediction_timestamp+0s,2022-04-05 13:32:01.026000+00:00,2026-07-08 13:31:56.092945800+00:00,1,0,ACCEPT_CAUSAL
Flow_Conflict_Segment_Count,burst_events,prediction_timestamp-5s,prediction_timestamp+0s,2022-04-05 13:32:01.026000+00:00,2026-07-08 13:31:56.092945800+00:00,1,0,ACCEPT_CAUSAL
Observation_Coverage_60,burst_events,prediction_timestamp-60s,prediction_timestamp+0s,2022-04-05 13:32:01.026000+00:00,2026-07-08 13:31:56.092945800+00:00,1,0,ACCEPT_CAUSAL
GapFill_Seconds_60,burst_events,prediction_timestamp-60s,prediction_timestamp+0s,2022-04-05 13:32:01.026000+00:00,2026-07-08 13:31:56.092945800+00:00,1,0,ACCEPT_CAUSAL
Burst_Index_In_Episode,burst_events,prediction_timestamp-30s,prediction_timestamp+0s,2022-04-05 13:32:01.026000+00:00,2026-07-08 13:31:56.092945800+00:00,1,0,ACCEPT_CAUSAL
Seconds_Since_Prior_Burst,burst_events,prediction_timestamp-300s,prediction_timestamp+0s,2022-04-05 13:32:01.026000+00:00,2026-07-08 13:31:56.092945800+00:00,1,0,ACCEPT_CAUSAL
range,trade_inputs,prediction_timestamp+0s,prediction_timestamp+0s,2022-04-05 13:32:01.026000+00:00,2026-07-08 13:31:56.092945800+00:00,1,0,ACCEPT_CAUSAL
Body_AtEntry,trade_inputs,prediction_timestamp+0s,prediction_timestamp+0s,2022-04-05 13:32:01.026000+00:00,2026-07-08 13:31:56.092945800+00:00,1,0,ACCEPT_CAUSAL
Volume_AtEntry,trade_inputs,prediction_timestamp-60s,prediction_timestamp+0s,2022-04-05 13:32:01.026000+00:00,2026-07-08 13:31:56.092945800+00:00,1,0,ACCEPT_CAUSAL
Delta_AtEntry,trade_inputs,prediction_timestamp-60s,prediction_timestamp+0s,2022-04-05 13:32:01.026000+00:00,2026-07-08 13:31:56.092945800+00:00,1,0,ACCEPT_CAUSAL
Cumulative_Delta_AtEntry,trade_inputs,prediction_timestamp-1800s,prediction_timestamp+0s,2022-04-05 13:32:01.026000+00:00,2026-07-08 13:31:56.092945800+00:00,1,0,ACCEPT_CAUSAL
Previous_Volume_AtEntry,trade_inputs,prediction_timestamp-120s,prediction_timestamp-1s,2022-04-05 13:32:01.026000+00:00,2026-07-08 13:31:56.092945800+00:00,1,0,ACCEPT_CAUSAL
Previous_Delta_AtEntry,trade_inputs,prediction_timestamp-120s,prediction_timestamp-1s,2022-04-05 13:32:01.026000+00:00,2026-07-08 13:31:56.092945800+00:00,1,0,ACCEPT_CAUSAL
Delta_Change_AtEntry,trade_inputs,prediction_timestamp-120s,prediction_timestamp+0s,2022-04-05 13:32:01.026000+00:00,2026-07-08 13:31:56.092945800+00:00,1,0,ACCEPT_CAUSAL
BreakOut_TICKS_PER_SEC_AtEntry,trade_inputs,prediction_timestamp-60s,prediction_timestamp+0s,2022-04-05 13:32:01.026000+00:00,2026-07-08 13:31:56.092945800+00:00,1,0,ACCEPT_CAUSAL
Score_AtEntry,trade_inputs,prediction_timestamp-60s,prediction_timestamp+0s,2022-04-05 13:32:01.026000+00:00,2026-07-08 13:31:56.092945800+00:00,1,0,ACCEPT_CAUSAL
Buy_Imbalance_Count_AtEntry,trade_inputs,prediction_timestamp-60s,prediction_timestamp+0s,2022-04-05 13:32:01.026000+00:00,2026-07-08 13:31:56.092945800+00:00,1,0,ACCEPT_CAUSAL
Sell_Imbalance_Count_AtEntry,trade_inputs,prediction_timestamp-60s,prediction_timestamp+0s,2022-04-05 13:32:01.026000+00:00,2026-07-08 13:31:56.092945800+00:00,1,0,ACCEPT_CAUSAL
Seconds_From_Open_AtEntry,trade_inputs,prediction_timestamp-600s,prediction_timestamp+0s,2022-04-05 13:32:01.026000+00:00,2026-07-08 13:31:56.092945800+00:00,1,0,ACCEPT_CAUSAL
Directional_OR_Extension_Ticks_AtEntry,trade_inputs,prediction_timestamp-600s,prediction_timestamp+0s,2022-04-05 13:32:01.026000+00:00,2026-07-08 13:31:56.092945800+00:00,1,0,ACCEPT_CAUSAL
Directional_VWAP_Distance_Ticks_AtEntry,trade_inputs,prediction_timestamp-600s,prediction_timestamp+0s,2022-04-05 13:32:01.026000+00:00,2026-07-08 13:31:56.092945800+00:00,1,0,ACCEPT_CAUSAL
Nearest_OR_Edge_Distance_Ticks_AtEntry,trade_inputs,prediction_timestamp-600s,prediction_timestamp+0s,2022-04-05 13:32:01.026000+00:00,2026-07-08 13:31:56.092945800+00:00,1,0,ACCEPT_CAUSAL
Body_OR_Ratio_AtEntry,trade_inputs,prediction_timestamp-60s,prediction_timestamp+0s,2022-04-05 13:32:01.026000+00:00,2026-07-08 13:31:56.092945800+00:00,1,0,ACCEPT_CAUSAL
Signed_Delta_Share_AtEntry,trade_inputs,prediction_timestamp-60s,prediction_timestamp+0s,2022-04-05 13:32:01.026000+00:00,2026-07-08 13:31:56.092945800+00:00,1,0,ACCEPT_CAUSAL
Signed_Previous_Delta_Share_AtEntry,trade_inputs,prediction_timestamp-120s,prediction_timestamp-1s,2022-04-05 13:32:01.026000+00:00,2026-07-08 13:31:56.092945800+00:00,1,0,ACCEPT_CAUSAL
Prior_Closed_ATR3_Ticks_AtEntry,trade_inputs,prediction_timestamp-240s,prediction_timestamp-1s,2022-04-05 13:32:01.026000+00:00,2026-07-08 13:31:56.092945800+00:00,1,0,ACCEPT_CAUSAL
Prior_Closed_ATR5_Ticks_AtEntry,trade_inputs,prediction_timestamp-360s,prediction_timestamp-1s,2022-04-05 13:32:01.026000+00:00,2026-07-08 13:31:56.092945800+00:00,1,0,ACCEPT_CAUSAL
PreEntry_Directional_Efficiency3_AtEntry,trade_inputs,prediction_timestamp-240s,prediction_timestamp-1s,2022-04-05 13:32:01.026000+00:00,2026-07-08 13:31:56.092945800+00:00,1,0,ACCEPT_CAUSAL
PreEntry_Directional_Delta_Share3_AtEntry,trade_inputs,prediction_timestamp-240s,prediction_timestamp-1s,2022-04-05 13:32:01.026000+00:00,2026-07-08 13:31:56.092945800+00:00,1,0,ACCEPT_CAUSAL
PreEntry_Range_Compression3_AtEntry,trade_inputs,prediction_timestamp-240s,prediction_timestamp-1s,2022-04-05 13:32:01.026000+00:00,2026-07-08 13:31:56.092945800+00:00,1,0,ACCEPT_CAUSAL
PreEntry_Volume_Climax_Ratio_AtEntry,trade_inputs,prediction_timestamp-300s,prediction_timestamp-1s,2022-04-05 13:32:01.026000+00:00,2026-07-08 13:31:56.092945800+00:00,1,0,ACCEPT_CAUSAL
Nearest_OR_Edge_Retest_Count_AtEntry,trade_inputs,prediction_timestamp-600s,prediction_timestamp-1s,2022-04-05 13:32:01.026000+00:00,2026-07-08 13:31:56.092945800+00:00,1,0,ACCEPT_CAUSAL
Nearest_OR_Edge_Acceptance_Ratio3_AtEntry,trade_inputs,prediction_timestamp-240s,prediction_timestamp-1s,2022-04-05 13:32:01.026000+00:00,2026-07-08 13:31:56.092945800+00:00,1,0,ACCEPT_CAUSAL
Directional_CLV_AtEntry,trade_inputs,prediction_timestamp-60s,prediction_timestamp+0s,2022-04-05 13:32:01.026000+00:00,2026-07-08 13:31:56.092945800+00:00,1,0,ACCEPT_CAUSAL
PreEntry_Acceptance_Dwell_Ratio_AtEntry,trade_inputs,prediction_timestamp-60s,prediction_timestamp+0s,2022-04-05 13:32:01.026000+00:00,2026-07-08 13:31:56.092945800+00:00,1,0,ACCEPT_CAUSAL
PreEntry_Reclaim_Count_AtEntry,trade_inputs,prediction_timestamp-60s,prediction_timestamp+0s,2022-04-05 13:32:01.026000+00:00,2026-07-08 13:31:56.092945800+00:00,1,0,ACCEPT_CAUSAL
PreEntry_Rejection_Speed_TPS_AtEntry,trade_inputs,prediction_timestamp-60s,prediction_timestamp+0s,2022-04-05 13:32:01.026000+00:00,2026-07-08 13:31:56.092945800+00:00,1,0,ACCEPT_CAUSAL
PreEntry_Rotation_Index_AtEntry,trade_inputs,prediction_timestamp-60s,prediction_timestamp+0s,2022-04-05 13:32:01.026000+00:00,2026-07-08 13:31:56.092945800+00:00,1,0,ACCEPT_CAUSAL
PreEntry_Local_Entropy_AtEntry,trade_inputs,prediction_timestamp-60s,prediction_timestamp+0s,2022-04-05 13:32:01.026000+00:00,2026-07-08 13:31:56.092945800+00:00,1,0,ACCEPT_CAUSAL
PreEntry_Path_Efficiency_AtEntry,trade_inputs,prediction_timestamp-60s,prediction_timestamp+0s,2022-04-05 13:32:01.026000+00:00,2026-07-08 13:31:56.092945800+00:00,1,0,ACCEPT_CAUSAL
PreEntry_Price_Per_Delta_AtEntry,trade_inputs,prediction_timestamp-60s,prediction_timestamp+0s,2022-04-05 13:32:01.026000+00:00,2026-07-08 13:31:56.092945800+00:00,1,0,ACCEPT_CAUSAL
PreEntry_Price_Per_Volume_AtEntry,trade_inputs,prediction_timestamp-60s,prediction_timestamp+0s,2022-04-05 13:32:01.026000+00:00,2026-07-08 13:31:56.092945800+00:00,1,0,ACCEPT_CAUSAL
Detector_Publish_Delay_Milliseconds,trade_inputs,prediction_timestamp+0s,prediction_timestamp+0s,2022-04-05 13:32:01.026000+00:00,2026-07-08 13:31:56.092945800+00:00,1,0,ACCEPT_CAUSAL
Signal_To_Entry_Latency_Milliseconds,trade_inputs,prediction_timestamp+0s,prediction_timestamp+0s,2022-04-05 13:32:01.026000+00:00,2026-07-08 13:31:56.092945800+00:00,1,0,ACCEPT_CAUSAL
Detector_Publish_To_Entry_Latency_Milliseconds,trade_inputs,prediction_timestamp+0s,prediction_timestamp+0s,2022-04-05 13:32:01.026000+00:00,2026-07-08 13:31:56.092945800+00:00,1,0,ACCEPT_CAUSAL
Liquidity_Burst_Index_In_Episode,trade_inputs,prediction_timestamp-30s,prediction_timestamp+0s,2022-04-05 13:32:01.026000+00:00,2026-07-08 13:31:56.092945800+00:00,1,0,ACCEPT_CAUSAL
Liquidity_Burst_Seconds_Since_Prior_Burst,trade_inputs,prediction_timestamp-300s,prediction_timestamp+0s,2022-04-05 13:32:01.026000+00:00,2026-07-08 13:31:56.092945800+00:00,1,0,ACCEPT_CAUSAL
signed_delta_1s,engineered,prediction_timestamp-1s,prediction_timestamp+0s,2022-04-05 13:32:01.026000+00:00,2026-07-08 13:31:56.092945800+00:00,1,0,ACCEPT_CAUSAL
signed_delta_change_1s,engineered,prediction_timestamp-2s,prediction_timestamp+0s,2022-04-05 13:32:01.026000+00:00,2026-07-08 13:31:56.092945800+00:00,1,0,ACCEPT_CAUSAL
signed_velocity_1s,engineered,prediction_timestamp-1s,prediction_timestamp+0s,2022-04-05 13:32:01.026000+00:00,2026-07-08 13:31:56.092945800+00:00,1,0,ACCEPT_CAUSAL
signed_velocity_3s,engineered,prediction_timestamp-3s,prediction_timestamp+0s,2022-04-05 13:32:01.026000+00:00,2026-07-08 13:31:56.092945800+00:00,1,0,ACCEPT_CAUSAL
signed_acceleration_1s,engineered,prediction_timestamp-2s,prediction_timestamp+0s,2022-04-05 13:32:01.026000+00:00,2026-07-08 13:31:56.092945800+00:00,1,0,ACCEPT_CAUSAL
price_impact_per_100_contracts,engineered,prediction_timestamp-1s,prediction_timestamp+0s,2022-04-05 13:32:01.026000+00:00,2026-07-08 13:31:56.092945800+00:00,1,0,ACCEPT_CAUSAL
absorption_pressure_1s,engineered,prediction_timestamp-1s,prediction_timestamp+0s,2022-04-05 13:32:01.026000+00:00,2026-07-08 13:31:56.092945800+00:00,1,0,ACCEPT_CAUSAL
delta_share_of_volume,engineered,prediction_timestamp-1s,prediction_timestamp+0s,2022-04-05 13:32:01.026000+00:00,2026-07-08 13:31:56.092945800+00:00,1,0,ACCEPT_CAUSAL
mean_trade_size,engineered,prediction_timestamp-1s,prediction_timestamp+0s,2022-04-05 13:32:01.026000+00:00,2026-07-08 13:31:56.092945800+00:00,1,0,ACCEPT_CAUSAL
delta_persistence_1_3,engineered,prediction_timestamp-3s,prediction_timestamp+0s,2022-04-05 13:32:01.026000+00:00,2026-07-08 13:31:56.092945800+00:00,1,0,ACCEPT_CAUSAL
delta_persistence_3_5,engineered,prediction_timestamp-5s,prediction_timestamp+0s,2022-04-05 13:32:01.026000+00:00,2026-07-08 13:31:56.092945800+00:00,1,0,ACCEPT_CAUSAL
direction_consistency,engineered,prediction_timestamp-5s,prediction_timestamp+0s,2022-04-05 13:32:01.026000+00:00,2026-07-08 13:31:56.092945800+00:00,1,0,ACCEPT_CAUSAL
velocity_consistency,engineered,prediction_timestamp-5s,prediction_timestamp+0s,2022-04-05 13:32:01.026000+00:00,2026-07-08 13:31:56.092945800+00:00,1,0,ACCEPT_CAUSAL
flow_price_alignment,engineered,prediction_timestamp-1s,prediction_timestamp+0s,2022-04-05 13:32:01.026000+00:00,2026-07-08 13:31:56.092945800+00:00,1,0,ACCEPT_CAUSAL
acceleration_velocity_ratio,engineered,prediction_timestamp-2s,prediction_timestamp+0s,2022-04-05 13:32:01.026000+00:00,2026-07-08 13:31:56.092945800+00:00,1,0,ACCEPT_CAUSAL
directional_vwap_distance,engineered,prediction_timestamp-1800s,prediction_timestamp+0s,2022-04-05 13:32:01.026000+00:00,2026-07-08 13:31:56.092945800+00:00,1,0,ACCEPT_CAUSAL
directional_poc_distance,engineered,prediction_timestamp-1800s,prediction_timestamp+0s,2022-04-05 13:32:01.026000+00:00,2026-07-08 13:31:56.092945800+00:00,1,0,ACCEPT_CAUSAL
profile_confluence_4t,engineered,prediction_timestamp-1800s,prediction_timestamp+0s,2022-04-05 13:32:01.026000+00:00,2026-07-08 13:31:56.092945800+00:00,1,0,ACCEPT_CAUSAL
burst_efficiency_score,engineered,prediction_timestamp-1s,prediction_timestamp+0s,2022-04-05 13:32:01.026000+00:00,2026-07-08 13:31:56.092945800+00:00,1,0,ACCEPT_CAUSAL
liquidity_absorption_score,engineered,prediction_timestamp-1s,prediction_timestamp+0s,2022-04-05 13:32:01.026000+00:00,2026-07-08 13:31:56.092945800+00:00,1,0,ACCEPT_CAUSAL
