fecha,BurstId,family,split,kmeans_2,gmm_2,kmeans_3,gmm_3,dbscan,hdbscan
2022-04-05,LB_20220405_093200_BUY_0001,A_TRUE_ABSORPTION,discovery,0,1,1,0,-1,UNAVAILABLE
2022-04-06,LB_20220406_093100_BUY_0001,C_MIXED_PATH,discovery,0,1,0,2,-1,UNAVAILABLE
2022-04-19,LB_20220419_093100_BUY_0001,C_MIXED_PATH,discovery,0,1,1,2,-1,UNAVAILABLE
2022-04-26,LB_20220426_093143_SELL_0001,C_MIXED_PATH,discovery,0,1,1,0,2,UNAVAILABLE
2022-04-27,LB_20220427_093500_BUY_0001,A_TRUE_ABSORPTION,discovery,1,0,2,1,-1,UNAVAILABLE
2022-05-04,LB_20220504_093301_SELL_0001,A_TRUE_ABSORPTION,discovery,1,0,2,1,0,UNAVAILABLE
2022-05-09,LB_20220509_093112_BUY_0001,C_MIXED_PATH,discovery,0,1,1,0,-1,UNAVAILABLE
2022-05-18,LB_20220518_093457_BUY_0001,C_MIXED_PATH,discovery,0,0,1,1,-1,UNAVAILABLE
2022-05-20,LB_20220520_093501_SELL_0001,B_CLEAN_BREAKOUT,discovery,1,0,2,1,-1,UNAVAILABLE
2022-05-23,LB_20220523_093420_SELL_0001,C_MIXED_PATH,discovery,1,0,2,1,-1,UNAVAILABLE
2022-05-25,LB_20220525_093511_SELL_0001,C_MIXED_PATH,discovery,1,0,2,2,-1,UNAVAILABLE
2022-05-27,LB_20220527_093100_BUY_0001,B_CLEAN_BREAKOUT,discovery,0,1,0,2,-1,UNAVAILABLE
2022-06-08,LB_20220608_093102_SELL_0001,B_CLEAN_BREAKOUT,discovery,0,1,1,0,-1,UNAVAILABLE
2022-06-13,LB_20220613_093107_SELL_0001,A_TRUE_ABSORPTION,discovery,0,1,1,0,-1,UNAVAILABLE
2022-06-27,LB_20220627_093202_SELL_0001,B_CLEAN_BREAKOUT,discovery,1,0,2,0,-1,UNAVAILABLE
2022-07-07,LB_20220707_093345_BUY_0001,C_MIXED_PATH,discovery,0,1,0,0,-1,UNAVAILABLE
2022-07-18,LB_20220718_093105_SELL_0001,C_MIXED_PATH,discovery,0,1,0,2,-1,UNAVAILABLE
2022-07-19,LB_20220719_093600_SELL_0001,C_MIXED_PATH,discovery,1,0,2,1,0,UNAVAILABLE
2022-07-20,LB_20220720_093414_BUY_0001,B_CLEAN_BREAKOUT,discovery,0,0,1,1,-1,UNAVAILABLE
2022-07-26,LB_20220726_093111_SELL_0001,C_MIXED_PATH,discovery,0,1,0,2,-1,UNAVAILABLE
2022-07-29,LB_20220729_093500_SELL_0001,B_CLEAN_BREAKOUT,discovery,1,0,2,1,0,UNAVAILABLE
2022-08-01,LB_20220801_093127_SELL_0001,C_MIXED_PATH,discovery,0,1,1,0,0,UNAVAILABLE
2022-08-04,LB_20220804_093511_BUY_0001,A_TRUE_ABSORPTION,discovery,1,0,0,2,-1,UNAVAILABLE
2022-08-09,LB_20220809_093105_SELL_0001,B_CLEAN_BREAKOUT,discovery,0,1,0,0,-1,UNAVAILABLE
2022-08-15,LB_20220815_093300_BUY_0001,B_CLEAN_BREAKOUT,discovery,0,1,1,0,-1,UNAVAILABLE
2022-08-17,LB_20220817_093558_BUY_0001,A_TRUE_ABSORPTION,discovery,0,0,0,2,-1,UNAVAILABLE
2022-08-31,LB_20220831_093400_SELL_0001,B_CLEAN_BREAKOUT,discovery,1,0,2,1,-1,UNAVAILABLE
2022-09-01,LB_20220901_093124_SELL_0002,B_CLEAN_BREAKOUT,discovery,0,1,0,2,-1,UNAVAILABLE
2022-09-06,LB_20220906_093405_BUY_0001,C_MIXED_PATH,discovery,1,0,2,1,-1,UNAVAILABLE
2022-09-28,LB_20220928_093328_SELL_0001,B_CLEAN_BREAKOUT,discovery,0,0,1,1,-1,UNAVAILABLE
2022-10-06,LB_20221006_093213_SELL_0001,C_MIXED_PATH,discovery,0,1,1,0,0,UNAVAILABLE
2022-10-11,LB_20221011_093101_SELL_0001,C_MIXED_PATH,discovery,0,1,1,0,-1,UNAVAILABLE
2022-10-18,LB_20221018_093155_SELL_0001,C_MIXED_PATH,discovery,0,1,0,0,-1,UNAVAILABLE
2022-10-25,LB_20221025_093119_BUY_0001,B_CLEAN_BREAKOUT,discovery,0,1,1,0,-1,UNAVAILABLE
2022-10-26,LB_20221026_093108_SELL_0002,A_TRUE_ABSORPTION,discovery,0,1,1,0,-1,UNAVAILABLE
2022-10-27,LB_20221027_093628_SELL_0001,A_TRUE_ABSORPTION,discovery,1,0,0,2,-1,UNAVAILABLE
2022-10-28,LB_20221028_093127_BUY_0001,B_CLEAN_BREAKOUT,discovery,0,1,1,2,-1,UNAVAILABLE
2022-11-03,LB_20221103_093349_BUY_0001,A_TRUE_ABSORPTION,discovery,1,0,0,0,-1,UNAVAILABLE
2023-03-21,LB_20230321_093130_BUY_0001,B_CLEAN_BREAKOUT,discovery,0,1,1,0,-1,UNAVAILABLE
2023-03-28,LB_20230328_093202_SELL_0001,B_CLEAN_BREAKOUT,discovery,0,1,1,0,0,UNAVAILABLE
2023-04-03,LB_20230403_093250_BUY_0001,C_MIXED_PATH,discovery,0,1,1,0,-1,UNAVAILABLE
2023-04-04,LB_20230404_093600_SELL_0001,A_TRUE_ABSORPTION,discovery,0,0,1,1,0,UNAVAILABLE
2023-04-17,LB_20230417_093332_BUY_0001,C_MIXED_PATH,discovery,0,1,1,0,1,UNAVAILABLE
2023-04-19,LB_20230419_093353_SELL_0001,A_TRUE_ABSORPTION,discovery,0,1,1,0,0,UNAVAILABLE
2023-04-26,LB_20230426_093201_SELL_0001,A_TRUE_ABSORPTION,discovery,0,1,0,2,-1,UNAVAILABLE
2023-05-03,LB_20230503_093500_BUY_0001,B_CLEAN_BREAKOUT,discovery,0,0,1,1,-1,UNAVAILABLE
2023-05-11,LB_20230511_093202_SELL_0001,B_CLEAN_BREAKOUT,discovery,0,1,1,0,-1,UNAVAILABLE
2023-05-18,LB_20230518_093436_BUY_0001,B_CLEAN_BREAKOUT,discovery,0,0,1,1,-1,UNAVAILABLE
2023-05-22,LB_20230522_093356_BUY_0001,B_CLEAN_BREAKOUT,discovery,0,1,0,2,-1,UNAVAILABLE
2023-05-26,LB_20230526_093357_BUY_0001,A_TRUE_ABSORPTION,discovery,0,1,1,0,-1,UNAVAILABLE
2023-05-31,LB_20230531_093156_BUY_0001,C_MIXED_PATH,discovery,0,1,1,0,-1,UNAVAILABLE
2023-06-05,LB_20230605_093500_BUY_0001,C_MIXED_PATH,discovery,0,0,1,2,-1,UNAVAILABLE
2023-06-13,LB_20230613_093139_SELL_0001,A_TRUE_ABSORPTION,discovery,0,1,1,0,2,UNAVAILABLE
2023-06-22,LB_20230622_093240_BUY_0001,B_CLEAN_BREAKOUT,discovery,0,1,1,0,1,UNAVAILABLE
2023-06-23,LB_20230623_093159_BUY_0001,B_CLEAN_BREAKOUT,discovery,0,1,1,0,1,UNAVAILABLE
2023-06-30,LB_20230630_093123_BUY_0001,B_CLEAN_BREAKOUT,discovery,0,1,1,0,1,UNAVAILABLE
2023-07-18,LB_20230718_093258_SELL_0002,B_CLEAN_BREAKOUT,discovery,0,1,0,2,-1,UNAVAILABLE
2023-07-20,LB_20230720_093345_SELL_0001,A_TRUE_ABSORPTION,discovery,0,1,1,0,-1,UNAVAILABLE
2023-07-27,LB_20230727_093300_BUY_0001,B_CLEAN_BREAKOUT,discovery,0,1,1,0,-1,UNAVAILABLE
2023-08-08,LB_20230808_093726_SELL_0001,A_TRUE_ABSORPTION,discovery,0,1,1,0,0,UNAVAILABLE
2023-08-24,LB_20230824_093139_SELL_0001,B_CLEAN_BREAKOUT,discovery,0,1,0,2,-1,UNAVAILABLE
2023-08-25,LB_20230825_093257_BUY_0001,A_TRUE_ABSORPTION,discovery,0,1,1,0,-1,UNAVAILABLE
2023-08-29,LB_20230829_093105_SELL_0001,A_TRUE_ABSORPTION,discovery,0,1,1,0,-1,UNAVAILABLE
2023-08-31,LB_20230831_093357_BUY_0001,A_TRUE_ABSORPTION,discovery,0,1,1,0,-1,UNAVAILABLE
2023-09-05,LB_20230905_093500_SELL_0002,C_MIXED_PATH,discovery,0,0,1,1,0,UNAVAILABLE
2023-09-07,LB_20230907_093117_SELL_0001,B_CLEAN_BREAKOUT,discovery,0,1,1,2,-1,UNAVAILABLE
2023-09-14,LB_20230914_093127_SELL_0001,A_TRUE_ABSORPTION,discovery,0,1,1,0,0,UNAVAILABLE
2023-09-15,LB_20230915_093253_SELL_0001,B_CLEAN_BREAKOUT,discovery,0,1,0,2,-1,UNAVAILABLE
2023-09-19,LB_20230919_093101_SELL_0001,A_TRUE_ABSORPTION,discovery,0,1,0,0,-1,UNAVAILABLE
2023-09-22,LB_20230922_093553_SELL_0001,C_MIXED_PATH,discovery,0,0,1,2,-1,UNAVAILABLE
2023-09-26,LB_20230926_093118_SELL_0002,B_CLEAN_BREAKOUT,discovery,0,1,1,0,-1,UNAVAILABLE
2023-09-27,LB_20230927_093102_BUY_0001,C_MIXED_PATH,discovery,0,1,1,0,1,UNAVAILABLE
2023-10-02,LB_20231002_093150_BUY_0001,B_CLEAN_BREAKOUT,discovery,0,1,1,2,-1,UNAVAILABLE
2023-10-05,LB_20231005_093554_BUY_0001,C_MIXED_PATH,discovery,0,0,1,1,-1,UNAVAILABLE
2023-10-16,LB_20231016_093102_BUY_0001,B_CLEAN_BREAKOUT,discovery,0,1,1,0,-1,UNAVAILABLE
2023-10-27,LB_20231027_093329_BUY_0001,C_MIXED_PATH,discovery,0,1,1,0,-1,UNAVAILABLE
2023-11-02,LB_20231102_093203_SELL_0001,A_TRUE_ABSORPTION,discovery,0,1,0,2,-1,UNAVAILABLE
2024-03-18,LB_20240318_093121_BUY_0001,C_MIXED_PATH,discovery,0,1,1,0,-1,UNAVAILABLE
2024-04-02,LB_20240402_093358_SELL_0002,C_MIXED_PATH,discovery,0,1,1,0,0,UNAVAILABLE
2024-04-03,LB_20240403_093241_BUY_0001,C_MIXED_PATH,discovery,0,1,1,0,1,UNAVAILABLE
2024-04-04,LB_20240404_093500_BUY_0001,B_CLEAN_BREAKOUT,discovery,0,0,1,1,-1,UNAVAILABLE
2024-04-05,LB_20240405_093248_SELL_0001,C_MIXED_PATH,discovery,0,1,1,0,-1,UNAVAILABLE
2024-04-09,LB_20240409_093342_SELL_0001,B_CLEAN_BREAKOUT,discovery,0,1,1,0,0,UNAVAILABLE
2024-04-11,LB_20240411_093157_SELL_0001,C_MIXED_PATH,discovery,0,1,1,0,0,UNAVAILABLE
2024-04-17,LB_20240417_093502_SELL_0001,C_MIXED_PATH,discovery,0,0,1,2,-1,UNAVAILABLE
2024-04-18,LB_20240418_093109_SELL_0001,B_CLEAN_BREAKOUT,discovery,0,1,1,1,-1,UNAVAILABLE
2024-04-23,LB_20240423_093145_BUY_0001,B_CLEAN_BREAKOUT,discovery,0,1,1,0,1,UNAVAILABLE
2024-04-26,LB_20240426_093151_SELL_0001,C_MIXED_PATH,discovery,0,1,1,0,-1,UNAVAILABLE
2024-05-02,LB_20240502_093112_SELL_0001,B_CLEAN_BREAKOUT,discovery,0,1,1,0,2,UNAVAILABLE
2024-05-03,LB_20240503_093157_SELL_0001,B_CLEAN_BREAKOUT,discovery,0,1,1,0,0,UNAVAILABLE
2024-05-06,LB_20240506_093100_SELL_0001,C_MIXED_PATH,discovery,0,1,1,0,0,UNAVAILABLE
2024-05-10,LB_20240510_093420_BUY_0001,B_CLEAN_BREAKOUT,discovery,0,0,1,1,-1,UNAVAILABLE
2024-05-20,LB_20240520_093220_BUY_0001,B_CLEAN_BREAKOUT,discovery,0,1,1,0,-1,UNAVAILABLE
2024-05-28,LB_20240528_093142_BUY_0001,C_MIXED_PATH,discovery,0,1,1,2,-1,UNAVAILABLE
2024-06-05,LB_20240605_093547_SELL_0002,C_MIXED_PATH,discovery,0,0,1,1,-1,UNAVAILABLE
2024-06-06,LB_20240606_093413_BUY_0001,C_MIXED_PATH,discovery,0,1,1,0,1,UNAVAILABLE
2024-06-11,LB_20240611_093350_BUY_0001,A_TRUE_ABSORPTION,discovery,0,1,1,1,-1,UNAVAILABLE
2024-06-13,LB_20240613_093209_BUY_0001,C_MIXED_PATH,discovery,0,1,1,0,-1,UNAVAILABLE
2024-06-14,LB_20240614_093644_BUY_0001,B_CLEAN_BREAKOUT,discovery,0,0,1,1,-1,UNAVAILABLE
2024-07-08,LB_20240708_093223_BUY_0001,A_TRUE_ABSORPTION,discovery,0,1,1,0,-1,UNAVAILABLE
2024-07-12,LB_20240712_093101_BUY_0001,A_TRUE_ABSORPTION,discovery,0,1,1,0,-1,UNAVAILABLE
2024-07-15,LB_20240715_093321_BUY_0001,C_MIXED_PATH,discovery,0,1,0,0,-1,UNAVAILABLE
2024-07-16,LB_20240716_093212_BUY_0001,A_TRUE_ABSORPTION,discovery,0,1,1,0,-1,UNAVAILABLE
2024-07-18,LB_20240718_093155_SELL_0001,C_MIXED_PATH,discovery,0,1,1,0,-1,UNAVAILABLE
2024-07-22,LB_20240722_093156_SELL_0001,A_TRUE_ABSORPTION,discovery,0,1,1,0,0,UNAVAILABLE
2024-07-26,LB_20240726_093346_SELL_0001,B_CLEAN_BREAKOUT,discovery,1,0,2,1,-1,UNAVAILABLE
2024-07-30,LB_20240730_093638_BUY_0001,C_MIXED_PATH,discovery,0,0,1,1,-1,UNAVAILABLE
2024-08-08,LB_20240808_093753_SELL_0001,A_TRUE_ABSORPTION,discovery,1,0,2,1,-1,UNAVAILABLE
2024-08-13,LB_20240813_093126_BUY_0001,B_CLEAN_BREAKOUT,discovery,0,1,1,0,1,UNAVAILABLE
2024-08-14,LB_20240814_093352_SELL_0001,A_TRUE_ABSORPTION,discovery,1,0,2,1,0,UNAVAILABLE
2024-08-15,LB_20240815_093200_BUY_0001,C_MIXED_PATH,validation,0,1,1,0,-1,UNAVAILABLE
2024-08-20,LB_20240820_093307_BUY_0001,B_CLEAN_BREAKOUT,validation,0,1,1,0,-1,UNAVAILABLE
2024-08-29,LB_20240829_093133_BUY_0001,B_CLEAN_BREAKOUT,validation,0,1,1,0,-1,UNAVAILABLE
2024-09-03,LB_20240903_093100_SELL_0001,C_MIXED_PATH,validation,0,1,1,0,0,UNAVAILABLE
2024-09-16,LB_20240916_093207_SELL_0001,C_MIXED_PATH,validation,0,1,1,0,0,UNAVAILABLE
2024-09-24,LB_20240924_093220_SELL_0001,C_MIXED_PATH,validation,0,1,1,0,0,UNAVAILABLE
2024-09-25,LB_20240925_093353_BUY_0001,B_CLEAN_BREAKOUT,validation,0,1,1,0,-1,UNAVAILABLE
2024-10-01,LB_20241001_093239_SELL_0001,C_MIXED_PATH,validation,0,1,1,0,-1,UNAVAILABLE
2024-10-02,LB_20241002_093232_SELL_0001,B_CLEAN_BREAKOUT,validation,0,1,1,0,0,UNAVAILABLE
2024-10-03,LB_20241003_093718_SELL_0001,A_TRUE_ABSORPTION,validation,1,0,2,1,-1,UNAVAILABLE
2024-10-09,LB_20241009_093503_SELL_0001,A_TRUE_ABSORPTION,validation,0,0,0,2,-1,UNAVAILABLE
2024-10-17,LB_20241017_093404_SELL_0001,B_CLEAN_BREAKOUT,validation,1,0,2,1,-1,UNAVAILABLE
2024-10-22,LB_20241022_093404_BUY_0001,A_TRUE_ABSORPTION,validation,0,0,1,2,-1,UNAVAILABLE
2024-10-25,LB_20241025_093239_BUY_0002,C_MIXED_PATH,validation,0,0,1,1,-1,UNAVAILABLE
2024-10-31,LB_20241031_093129_SELL_0001,B_CLEAN_BREAKOUT,validation,0,1,0,2,-1,UNAVAILABLE
2025-03-10,LB_20250310_093118_SELL_0001,A_TRUE_ABSORPTION,validation,0,1,0,2,-1,UNAVAILABLE
2025-03-13,LB_20250313_093637_SELL_0001,C_MIXED_PATH,validation,1,0,2,1,-1,UNAVAILABLE
2025-03-14,LB_20250314_093341_BUY_0001,B_CLEAN_BREAKOUT,validation,1,0,2,1,-1,UNAVAILABLE
2025-03-17,LB_20250317_093253_BUY_0001,B_CLEAN_BREAKOUT,validation,1,1,2,0,-1,UNAVAILABLE
2025-03-18,LB_20250318_093436_SELL_0001,B_CLEAN_BREAKOUT,validation,0,0,1,1,0,UNAVAILABLE
2025-03-27,LB_20250327_093139_BUY_0001,A_TRUE_ABSORPTION,validation,0,1,1,0,-1,UNAVAILABLE
2025-04-03,LB_20250403_093153_BUY_0001,C_MIXED_PATH,validation,1,0,2,1,-1,UNAVAILABLE
2025-04-21,LB_20250421_093702_SELL_0001,C_MIXED_PATH,validation,1,0,2,1,-1,UNAVAILABLE
2025-04-30,LB_20250430_093742_SELL_0001,B_CLEAN_BREAKOUT,validation,1,0,2,2,-1,UNAVAILABLE
2025-05-02,LB_20250502_093652_SELL_0001,B_CLEAN_BREAKOUT,validation,1,0,2,1,-1,UNAVAILABLE
2025-05-08,LB_20250508_093147_SELL_0001,B_CLEAN_BREAKOUT,validation,0,1,1,0,0,UNAVAILABLE
2025-06-05,LB_20250605_093207_SELL_0001,B_CLEAN_BREAKOUT,validation,1,0,2,1,0,UNAVAILABLE
2025-06-11,LB_20250611_093138_SELL_0001,B_CLEAN_BREAKOUT,validation,0,1,1,0,0,UNAVAILABLE
2025-06-20,LB_20250620_093518_BUY_0001,C_MIXED_PATH,validation,1,0,2,1,-1,UNAVAILABLE
2025-06-27,LB_20250627_093203_SELL_0001,A_TRUE_ABSORPTION,validation,0,0,1,1,0,UNAVAILABLE
2025-06-30,LB_20250630_093156_SELL_0001,B_CLEAN_BREAKOUT,validation,0,1,1,0,0,UNAVAILABLE
2025-07-02,LB_20250702_093238_BUY_0001,C_MIXED_PATH,validation,0,1,1,0,1,UNAVAILABLE
2025-07-08,LB_20250708_093634_SELL_0001,C_MIXED_PATH,validation,0,0,1,1,-1,UNAVAILABLE
2025-07-09,LB_20250709_093100_BUY_0001,B_CLEAN_BREAKOUT,validation,0,1,1,1,-1,UNAVAILABLE
2025-07-21,LB_20250721_093138_BUY_0001,B_CLEAN_BREAKOUT,validation,0,1,1,0,-1,UNAVAILABLE
2025-07-29,LB_20250729_093118_BUY_0001,A_TRUE_ABSORPTION,validation,0,1,1,0,-1,UNAVAILABLE
2025-08-14,LB_20250814_093300_BUY_0001,A_TRUE_ABSORPTION,validation,0,1,1,0,-1,UNAVAILABLE
2025-08-19,LB_20250819_093156_SELL_0001,B_CLEAN_BREAKOUT,holdout,0,1,1,0,2,UNAVAILABLE
2025-08-20,LB_20250820_093200_SELL_0001,B_CLEAN_BREAKOUT,holdout,1,0,2,1,0,UNAVAILABLE
2025-08-21,LB_20250821_093749_SELL_0001,B_CLEAN_BREAKOUT,holdout,1,0,2,2,-1,UNAVAILABLE
2025-08-29,LB_20250829_093115_SELL_0001,A_TRUE_ABSORPTION,holdout,0,1,1,0,-1,UNAVAILABLE
2025-09-04,LB_20250904_093258_BUY_0001,B_CLEAN_BREAKOUT,holdout,0,1,1,0,-1,UNAVAILABLE
2025-09-05,LB_20250905_093522_SELL_0001,C_MIXED_PATH,holdout,1,0,2,1,-1,UNAVAILABLE
2025-09-11,LB_20250911_093623_SELL_0001,B_CLEAN_BREAKOUT,holdout,0,0,0,2,-1,UNAVAILABLE
2025-09-12,LB_20250912_093556_SELL_0001,C_MIXED_PATH,holdout,0,0,1,1,0,UNAVAILABLE
2025-09-16,LB_20250916_093355_SELL_0001,C_MIXED_PATH,holdout,0,1,1,0,-1,UNAVAILABLE
2025-09-18,LB_20250918_093225_BUY_0001,A_TRUE_ABSORPTION,holdout,0,1,1,0,-1,UNAVAILABLE
2025-09-23,LB_20250923_093525_SELL_0001,B_CLEAN_BREAKOUT,holdout,0,1,1,0,-1,UNAVAILABLE
2025-09-25,LB_20250925_093609_SELL_0001,B_CLEAN_BREAKOUT,holdout,1,0,2,1,0,UNAVAILABLE
2025-09-26,LB_20250926_093218_BUY_0001,B_CLEAN_BREAKOUT,holdout,1,1,2,0,-1,UNAVAILABLE
2025-09-30,LB_20250930_093313_SELL_0001,B_CLEAN_BREAKOUT,holdout,0,1,1,0,0,UNAVAILABLE
2025-10-01,LB_20251001_093134_BUY_0001,A_TRUE_ABSORPTION,holdout,0,1,1,0,-1,UNAVAILABLE
2025-10-02,LB_20251002_093721_SELL_0001,B_CLEAN_BREAKOUT,holdout,0,0,1,1,-1,UNAVAILABLE
2025-10-08,LB_20251008_093125_BUY_0001,B_CLEAN_BREAKOUT,holdout,0,1,1,0,-1,UNAVAILABLE
2025-10-13,LB_20251013_093429_SELL_0001,B_CLEAN_BREAKOUT,holdout,1,0,2,1,-1,UNAVAILABLE
2025-10-17,LB_20251017_093426_BUY_0002,C_MIXED_PATH,holdout,1,0,2,1,-1,UNAVAILABLE
2025-10-20,LB_20251020_093100_BUY_0001,C_MIXED_PATH,holdout,0,1,1,2,-1,UNAVAILABLE
2025-10-22,LB_20251022_093346_SELL_0001,B_CLEAN_BREAKOUT,holdout,1,0,2,1,-1,UNAVAILABLE
2025-10-27,LB_20251027_093502_SELL_0001,B_CLEAN_BREAKOUT,holdout,0,0,1,1,0,UNAVAILABLE
2025-10-30,LB_20251030_093452_SELL_0001,B_CLEAN_BREAKOUT,holdout,1,0,2,1,-1,UNAVAILABLE
2026-03-11,LB_20260311_093757_BUY_0001,A_TRUE_ABSORPTION,holdout,1,0,2,1,-1,UNAVAILABLE
2026-03-24,LB_20260324_093135_SELL_0001,A_TRUE_ABSORPTION,holdout,1,0,0,2,-1,UNAVAILABLE
2026-03-31,LB_20260331_093135_BUY_0001,A_TRUE_ABSORPTION,holdout,1,1,1,2,-1,UNAVAILABLE
2026-04-10,LB_20260410_093110_BUY_0001,C_MIXED_PATH,holdout,0,1,1,0,-1,UNAVAILABLE
2026-04-30,LB_20260430_093337_SELL_0001,B_CLEAN_BREAKOUT,holdout,1,0,2,1,-1,UNAVAILABLE
2026-05-14,LB_20260514_093203_BUY_0001,B_CLEAN_BREAKOUT,holdout,1,0,2,1,-1,UNAVAILABLE
2026-05-18,LB_20260518_093500_SELL_0001,A_TRUE_ABSORPTION,holdout,1,0,2,1,-1,UNAVAILABLE
2026-05-19,LB_20260519_093215_BUY_0001,B_CLEAN_BREAKOUT,holdout,1,0,2,1,-1,UNAVAILABLE
2026-05-20,LB_20260520_093514_SELL_0001,B_CLEAN_BREAKOUT,holdout,1,0,2,1,-1,UNAVAILABLE
2026-05-29,LB_20260529_093201_BUY_0001,A_TRUE_ABSORPTION,holdout,1,0,2,1,-1,UNAVAILABLE
2026-06-03,LB_20260603_093152_BUY_0001,C_MIXED_PATH,holdout,0,1,0,0,-1,UNAVAILABLE
2026-06-24,LB_20260624_093230_BUY_0001,B_CLEAN_BREAKOUT,holdout,1,0,2,1,-1,UNAVAILABLE
2026-06-25,LB_20260625_093109_SELL_0001,A_TRUE_ABSORPTION,holdout,1,0,2,1,-1,UNAVAILABLE
2026-07-08,LB_20260708_093155_BUY_0001,C_MIXED_PATH,holdout,1,0,2,1,-1,UNAVAILABLE
