ordinal,session_date,source_date,depth_status,depth_path,depth_bytes,depth_template_id,depth_tick_size,depth_lot_size,depth_has_blocks,trade_status,trade_reason,trade_source,trade_source_bytes,trade_tick_size,trade_lot_size,trade_rows,trade_first_ticks,trade_last_ticks,trade_first_utc,trade_last_utc,detection_window_trade_coverage,trade_only_liquidity_bursts,minimum_directional_delta_1s,minimum_directional_delta_change_1s,minimum_directional_zscore,minimum_delta_percentile,minimum_trades_per_second,minimum_contracts_per_second,minimum_directional_cumulative_delta,maximum_abs_delta_1s,maximum_abs_delta_change_1s,maximum_abs_zscore,raw_timestamp_backtracks,largest_raw_backtrack_ms,timestamps_repaired,depth_message_count,opening_range_used_by_lb_detector,valid_reference_bursts,target_status
1,2022-04-04,2022-04-03,HEADER_ONLY_ZERO_SCALE,C:\Users\k_99_\AppData\Roaming\ATAS\Cache_v2\NQ@CME_Ind\2022_04_03\marketdepth.dat,33,93.0,0.0,0.0,False,PASS,,C:\Users\k_99_\AppData\Roaming\ATAS\Cache_v2\NQ@CME_Ind\2022_04_03\trades.dat,7402042.0,0.25,1.0,385753.0,6.3784641600156e+17,6.3784699219971e+17,2022-04-04T04:00:00.156000+00:00,2022-04-04T20:00:19.971000+00:00,True,17.0,115.0,82.0,2.9276239359017104,0.9833333333333333,180.0,207.0,152.0,306.0,308.0,30.96160113386477,0.0,0.0,0.0,0,False,0,EXCLUDED_NO_DEPTH_REFERENCE
2,2022-04-05,2022-04-04,HEADER_ONLY_ZERO_SCALE,C:\Users\k_99_\AppData\Roaming\ATAS\Cache_v2\NQ@CME_Ind\2022_04_04\marketdepth.dat,33,93.0,0.0,0.0,False,PASS,,C:\Users\k_99_\AppData\Roaming\ATAS\Cache_v2\NQ@CME_Ind\2022_04_04\trades.dat,9192430.0,0.25,1.0,491698.0,6.3784728000174e+17,6.3784785619952e+17,2022-04-05T04:00:00.174000+00:00,2022-04-05T20:00:19.952000+00:00,True,27.0,111.0,94.0,4.131214237901925,0.9866666666666667,94.0,152.0,150.0,459.0,460.0,25.172341227854382,2.0,4.0025,2.0,0,False,0,EXCLUDED_NO_DEPTH_REFERENCE
3,2022-04-06,2022-04-05,HEADER_ONLY_ZERO_SCALE,C:\Users\k_99_\AppData\Roaming\ATAS\Cache_v2\NQ@CME_Ind\2022_04_05\marketdepth.dat,33,93.0,0.0,0.0,False,PASS,,C:\Users\k_99_\AppData\Roaming\ATAS\Cache_v2\NQ@CME_Ind\2022_04_05\trades.dat,12753670.0,0.25,1.0,679511.0,6.3784814400308e+17,6.3784872019984e+17,2022-04-06T04:00:00.308000+00:00,2022-04-06T20:00:19.984000+00:00,True,35.0,110.0,82.0,3.5271614319023112,0.9833333333333333,92.0,150.0,150.0,419.0,406.0,20.761204544921284,1.0,1.0001,1.0,0,False,0,EXCLUDED_NO_DEPTH_REFERENCE
4,2022-04-07,2022-04-06,HEADER_ONLY_ZERO_SCALE,C:\Users\k_99_\AppData\Roaming\ATAS\Cache_v2\NQ@CME_Ind\2022_04_06\marketdepth.dat,33,93.0,0.0,0.0,False,PASS,,C:\Users\k_99_\AppData\Roaming\ATAS\Cache_v2\NQ@CME_Ind\2022_04_06\trades.dat,10545318.0,0.25,1.0,556047.0,6.3784900800176e+17,6.3784958419934e+17,2022-04-07T04:00:00.176000+00:00,2022-04-07T20:00:19.934000+00:00,True,33.0,102.0,78.0,2.69202217424355,0.9766666666666667,102.0,146.0,150.0,307.0,306.0,14.803744070195922,2.0,1.0,2.0,0,False,0,EXCLUDED_NO_DEPTH_REFERENCE
5,2022-04-08,2022-04-07,HEADER_ONLY_ZERO_SCALE,C:\Users\k_99_\AppData\Roaming\ATAS\Cache_v2\NQ@CME_Ind\2022_04_07\marketdepth.dat,33,93.0,0.0,0.0,False,PASS,,C:\Users\k_99_\AppData\Roaming\ATAS\Cache_v2\NQ@CME_Ind\2022_04_07\trades.dat,10510952.0,0.25,1.0,558320.0,6.3784987200191e+17,6.378504481998801e+17,2022-04-08T04:00:00.191000+00:00,2022-04-08T20:00:19.988000+00:00,True,34.0,113.0,83.0,2.823458544908962,0.9766666666666667,163.0,177.0,152.0,378.0,382.0,19.792625896708664,0.0,0.0,0.0,0,False,0,EXCLUDED_NO_DEPTH_REFERENCE
6,2022-04-11,2022-04-10,HEADER_ONLY_ZERO_SCALE,C:\Users\k_99_\AppData\Roaming\ATAS\Cache_v2\NQ@CME_Ind\2022_04_10\marketdepth.dat,33,93.0,0.0,0.0,False,PASS,,C:\Users\k_99_\AppData\Roaming\ATAS\Cache_v2\NQ@CME_Ind\2022_04_10\trades.dat,9287906.0,0.25,1.0,472026.0,6.3785246400591e+17,6.3785304019731e+17,2022-04-11T04:00:00.591000+00:00,2022-04-11T20:00:19.731000+00:00,True,29.0,101.0,80.0,3.3031161392384787,0.9866666666666667,141.0,159.0,159.0,371.0,371.0,21.564684460172447,0.0,0.0,0.0,0,False,0,EXCLUDED_NO_DEPTH_REFERENCE
7,2022-04-12,2022-04-11,HEADER_ONLY_ZERO_SCALE,C:\Users\k_99_\AppData\Roaming\ATAS\Cache_v2\NQ@CME_Ind\2022_04_11\marketdepth.dat,33,93.0,0.0,0.0,False,PASS,,C:\Users\k_99_\AppData\Roaming\ATAS\Cache_v2\NQ@CME_Ind\2022_04_11\trades.dat,11438932.0,0.25,1.0,597389.0,6.3785332800944e+17,6.3785390419996e+17,2022-04-12T04:00:00.944000+00:00,2022-04-12T20:00:19.996000+00:00,True,31.0,109.0,76.0,2.8355835092981705,0.9666666666666667,65.0,157.0,151.0,300.0,323.0,13.688644964527247,0.0,0.0,0.0,0,False,0,EXCLUDED_NO_DEPTH_REFERENCE
8,2022-04-13,2022-04-12,HEADER_ONLY_ZERO_SCALE,C:\Users\k_99_\AppData\Roaming\ATAS\Cache_v2\NQ@CME_Ind\2022_04_12\marketdepth.dat,33,93.0,0.0,0.0,False,PASS,,C:\Users\k_99_\AppData\Roaming\ATAS\Cache_v2\NQ@CME_Ind\2022_04_12\trades.dat,8580592.0,0.25,1.0,448751.0,6.3785419207296e+17,6.3785476819939e+17,2022-04-13T04:00:07.296000+00:00,2022-04-13T20:00:19.939000+00:00,True,22.0,123.0,101.0,3.3813898070758324,0.9833333333333333,41.0,163.0,157.0,321.0,319.0,37.512174245349435,0.0,0.0,0.0,0,False,0,EXCLUDED_NO_DEPTH_REFERENCE
9,2022-04-14,2022-04-13,HEADER_ONLY_ZERO_SCALE,C:\Users\k_99_\AppData\Roaming\ATAS\Cache_v2\NQ@CME_Ind\2022_04_13\marketdepth.dat,33,93.0,0.0,0.0,False,PASS,,C:\Users\k_99_\AppData\Roaming\ATAS\Cache_v2\NQ@CME_Ind\2022_04_13\trades.dat,8743046.0,0.25,1.0,458318.0,6.3785505600191e+17,6.3785563219952e+17,2022-04-14T04:00:00.191000+00:00,2022-04-14T20:00:19.952000+00:00,True,31.0,125.0,81.0,2.6660099101591856,0.9733333333333334,107.0,185.0,152.0,305.0,271.0,21.171536190898358,0.0,0.0,0.0,0,False,0,EXCLUDED_NO_DEPTH_REFERENCE
10,2022-04-15,2022-04-14,HEADER_ONLY_ZERO_SCALE,C:\Users\k_99_\AppData\Roaming\ATAS\Cache_v2\NQ@CME_Ind\2022_04_14\marketdepth.dat,33,93.0,0.0,0.0,False,EXCLUDED,"ValueError: Invalid context scale: tick_size=0.0, lot_size=0.0",,,,,,,,,,False,,,,,,,,,,,,,,,0,False,0,EXCLUDED_TRADE_DATA
11,2022-04-18,2022-04-17,HEADER_ONLY_ZERO_SCALE,C:\Users\k_99_\AppData\Roaming\ATAS\Cache_v2\NQ@CME_Ind\2022_04_17\marketdepth.dat,33,93.0,0.0,0.0,False,PASS,,C:\Users\k_99_\AppData\Roaming\ATAS\Cache_v2\NQ@CME_Ind\2022_04_17\trades.dat,7942204.0,0.25,1.0,393889.0,6.3785851200173e+17,6.3785908819903e+17,2022-04-18T04:00:00.173000+00:00,2022-04-18T20:00:19.903000+00:00,True,25.0,102.0,78.0,3.5282708666720906,0.9833333333333333,78.0,140.0,150.0,284.0,284.0,21.105153514381357,0.0,0.0,0.0,0,False,0,EXCLUDED_NO_DEPTH_REFERENCE
12,2022-04-19,2022-04-18,HEADER_ONLY_ZERO_SCALE,C:\Users\k_99_\AppData\Roaming\ATAS\Cache_v2\NQ@CME_Ind\2022_04_18\marketdepth.dat,33,93.0,0.0,0.0,False,PASS,,C:\Users\k_99_\AppData\Roaming\ATAS\Cache_v2\NQ@CME_Ind\2022_04_18\trades.dat,8764646.0,0.25,1.0,435960.0,6.3785937600224e+17,6.3785995219976e+17,2022-04-19T04:00:00.224000+00:00,2022-04-19T20:00:19.976000+00:00,True,25.0,119.0,89.0,3.1787869860722653,0.98,49.0,162.0,152.0,423.0,296.0,21.87574050758346,0.0,0.0,0.0,0,False,0,EXCLUDED_NO_DEPTH_REFERENCE
13,2022-04-20,2022-04-19,HEADER_ONLY_ZERO_SCALE,C:\Users\k_99_\AppData\Roaming\ATAS\Cache_v2\NQ@CME_Ind\2022_04_19\marketdepth.dat,33,93.0,0.0,0.0,False,PASS,,C:\Users\k_99_\AppData\Roaming\ATAS\Cache_v2\NQ@CME_Ind\2022_04_19\trades.dat,9847724.0,0.25,1.0,497218.0,6.3786024000025e+17,6.3786081619705e+17,2022-04-20T04:00:00.025000+00:00,2022-04-20T20:00:19.705000+00:00,True,50.0,121.0,101.0,2.6319065863297935,0.97,144.0,199.0,151.0,314.0,317.0,28.351888691070062,0.0,0.0,0.0,0,False,0,EXCLUDED_NO_DEPTH_REFERENCE
14,2022-04-21,2022-04-20,HEADER_ONLY_ZERO_SCALE,C:\Users\k_99_\AppData\Roaming\ATAS\Cache_v2\NQ@CME_Ind\2022_04_20\marketdepth.dat,33,93.0,0.0,0.0,False,PASS,,C:\Users\k_99_\AppData\Roaming\ATAS\Cache_v2\NQ@CME_Ind\2022_04_20\trades.dat,11042154.0,0.25,1.0,576265.0,6.3786110400007e+17,6.3786168019993e+17,2022-04-21T04:00:00.007000+00:00,2022-04-21T20:00:19.993001+00:00,True,54.0,106.0,86.0,2.6322808565243316,0.9766666666666667,73.0,152.0,150.0,563.0,562.0,28.950018813973447,1.0,1.0,1.0,0,False,0,EXCLUDED_NO_DEPTH_REFERENCE
15,2022-04-22,2022-04-21,HEADER_ONLY_ZERO_SCALE,C:\Users\k_99_\AppData\Roaming\ATAS\Cache_v2\NQ@CME_Ind\2022_04_21\marketdepth.dat,33,93.0,0.0,0.0,False,PASS,,C:\Users\k_99_\AppData\Roaming\ATAS\Cache_v2\NQ@CME_Ind\2022_04_21\trades.dat,11594830.0,0.25,1.0,591630.0,6.3786196800211e+17,6.3786254419976e+17,2022-04-22T04:00:00.211000+00:00,2022-04-22T20:00:19.976000+00:00,True,49.0,128.0,106.0,3.1295631054657553,0.9766666666666667,85.0,168.0,151.0,609.0,595.0,36.96993910428897,1.0,1.0,1.0,0,False,0,EXCLUDED_NO_DEPTH_REFERENCE
16,2022-04-25,2022-04-24,HEADER_ONLY_ZERO_SCALE,C:\Users\k_99_\AppData\Roaming\ATAS\Cache_v2\NQ@CME_Ind\2022_04_24\marketdepth.dat,33,93.0,0.0,0.0,False,PASS,,C:\Users\k_99_\AppData\Roaming\ATAS\Cache_v2\NQ@CME_Ind\2022_04_24\trades.dat,12289716.0,0.25,1.0,623407.0,6.3786456000008e+17,6.3786513619984e+17,2022-04-25T04:00:00.008000+00:00,2022-04-25T20:00:19.984000+00:00,True,36.0,129.0,86.0,2.828655206495621,0.9766666666666667,146.0,169.0,150.0,350.0,380.0,27.16741449055543,0.0,0.0,0.0,0,False,0,EXCLUDED_NO_DEPTH_REFERENCE
17,2022-04-26,2022-04-25,HEADER_ONLY_ZERO_SCALE,C:\Users\k_99_\AppData\Roaming\ATAS\Cache_v2\NQ@CME_Ind\2022_04_25\marketdepth.dat,33,93.0,0.0,0.0,False,PASS,,C:\Users\k_99_\AppData\Roaming\ATAS\Cache_v2\NQ@CME_Ind\2022_04_25\trades.dat,12132922.0,0.25,1.0,597187.0,6.3786542400149e+17,6.3786600019888e+17,2022-04-26T04:00:00.149000+00:00,2022-04-26T20:00:19.888000+00:00,True,54.0,103.0,81.0,3.2420149926815673,0.97,61.0,153.0,150.0,467.0,443.0,34.42359527941197,0.0,0.0,0.0,0,False,0,EXCLUDED_NO_DEPTH_REFERENCE
18,2022-04-27,2022-04-26,HEADER_ONLY_ZERO_SCALE,C:\Users\k_99_\AppData\Roaming\ATAS\Cache_v2\NQ@CME_Ind\2022_04_26\marketdepth.dat,33,93.0,0.0,0.0,False,PASS,,C:\Users\k_99_\AppData\Roaming\ATAS\Cache_v2\NQ@CME_Ind\2022_04_26\trades.dat,13368640.0,0.25,1.0,656711.0,6.3786628800192e+17,6.3786686419955e+17,2022-04-27T04:00:00.192000+00:00,2022-04-27T20:00:19.955000+00:00,True,31.0,102.0,86.0,2.8040577586482147,0.9733333333333334,63.0,144.0,154.0,479.0,454.0,17.77567001932432,0.0,0.0,0.0,0,False,0,EXCLUDED_NO_DEPTH_REFERENCE
19,2022-04-28,2022-04-27,HEADER_ONLY_ZERO_SCALE,C:\Users\k_99_\AppData\Roaming\ATAS\Cache_v2\NQ@CME_Ind\2022_04_27\marketdepth.dat,33,93.0,0.0,0.0,False,PASS,,C:\Users\k_99_\AppData\Roaming\ATAS\Cache_v2\NQ@CME_Ind\2022_04_27\trades.dat,12235414.0,0.25,1.0,608997.0,6.3786715200171e+17,6.3786772819975e+17,2022-04-28T04:00:00.171000+00:00,2022-04-28T20:00:19.975000+00:00,True,36.0,104.0,93.0,2.7556125066146206,0.98,58.0,138.0,150.0,456.0,442.0,37.37638539769824,0.0,0.0,0.0,0,False,0,EXCLUDED_NO_DEPTH_REFERENCE
20,2022-04-29,2022-04-28,HEADER_ONLY_ZERO_SCALE,C:\Users\k_99_\AppData\Roaming\ATAS\Cache_v2\NQ@CME_Ind\2022_04_28\marketdepth.dat,33,93.0,0.0,0.0,False,PASS,,C:\Users\k_99_\AppData\Roaming\ATAS\Cache_v2\NQ@CME_Ind\2022_04_28\trades.dat,11786832.0,0.25,1.0,600093.0,6.3786801600018e+17,6.3786859219903e+17,2022-04-29T04:00:00.018000+00:00,2022-04-29T20:00:19.903000+00:00,True,35.0,103.0,96.0,3.5327132167499116,0.98,73.0,155.0,152.0,466.0,456.0,20.96294080792994,0.0,0.0,0.0,0,False,0,EXCLUDED_NO_DEPTH_REFERENCE
21,2022-05-02,2022-05-01,HEADER_ONLY_ZERO_SCALE,C:\Users\k_99_\AppData\Roaming\ATAS\Cache_v2\NQ@CME_Ind\2022_05_01\marketdepth.dat,33,93.0,0.0,0.0,False,PASS,,C:\Users\k_99_\AppData\Roaming\ATAS\Cache_v2\NQ@CME_Ind\2022_05_01\trades.dat,12530200.0,0.25,1.0,631017.0,6.3787060800506e+17,6.3787118419996e+17,2022-05-02T04:00:00.506000+00:00,2022-05-02T20:00:19.996000+00:00,True,42.0,107.0,82.0,3.5917277428023593,0.98,81.0,167.0,150.0,369.0,368.0,21.188505047615653,0.0,0.0,0.0,0,False,0,EXCLUDED_NO_DEPTH_REFERENCE
22,2022-05-03,2022-05-02,HEADER_ONLY_ZERO_SCALE,C:\Users\k_99_\AppData\Roaming\ATAS\Cache_v2\NQ@CME_Ind\2022_05_02\marketdepth.dat,33,93.0,0.0,0.0,False,PASS,,C:\Users\k_99_\AppData\Roaming\ATAS\Cache_v2\NQ@CME_Ind\2022_05_02\trades.dat,10952658.0,0.25,1.0,568102.0,6.3787147200009e+17,6.3787204819938e+17,2022-05-03T04:00:00.009000+00:00,2022-05-03T20:00:19.938000+00:00,True,55.0,112.0,77.0,2.8401699948053736,0.98,72.0,189.0,152.0,340.0,331.0,28.12833148682814,0.0,0.0,0.0,0,False,0,EXCLUDED_NO_DEPTH_REFERENCE
23,2022-05-04,2022-05-03,HEADER_ONLY_ZERO_SCALE,C:\Users\k_99_\AppData\Roaming\ATAS\Cache_v2\NQ@CME_Ind\2022_05_03\marketdepth.dat,33,93.0,0.0,0.0,False,PASS,,C:\Users\k_99_\AppData\Roaming\ATAS\Cache_v2\NQ@CME_Ind\2022_05_03\trades.dat,11387650.0,0.25,1.0,603214.0,6.3787233600172e+17,6.3787291219982e+17,2022-05-04T04:00:00.172000+00:00,2022-05-04T20:00:19.982000+00:00,True,50.0,121.0,77.0,2.6763968376795506,0.9666666666666667,76.0,178.0,150.0,657.0,641.0,36.93427351285576,0.0,0.0,0.0,0,False,0,EXCLUDED_NO_DEPTH_REFERENCE
24,2022-05-05,2022-05-04,HEADER_ONLY_ZERO_SCALE,C:\Users\k_99_\AppData\Roaming\ATAS\Cache_v2\NQ@CME_Ind\2022_05_04\marketdepth.dat,33,93.0,0.0,0.0,False,PASS,,C:\Users\k_99_\AppData\Roaming\ATAS\Cache_v2\NQ@CME_Ind\2022_05_04\trades.dat,14242720.0,0.25,1.0,748194.0,6.3787320000173e+17,6.3787377619963e+17,2022-05-05T04:00:00.173000+00:00,2022-05-05T20:00:19.963000+00:00,True,59.0,102.0,76.0,2.510142075329917,0.96,62.0,155.0,150.0,734.0,718.0,31.99165211983038,0.0,0.0,0.0,0,False,0,EXCLUDED_NO_DEPTH_REFERENCE
25,2022-05-06,2022-05-05,HEADER_ONLY_ZERO_SCALE,C:\Users\k_99_\AppData\Roaming\ATAS\Cache_v2\NQ@CME_Ind\2022_05_05\marketdepth.dat,33,93.0,0.0,0.0,False,PASS,,C:\Users\k_99_\AppData\Roaming\ATAS\Cache_v2\NQ@CME_Ind\2022_05_05\trades.dat,13928750.0,0.25,1.0,733628.0,6.3787406400352e+17,6.3787464019912e+17,2022-05-06T04:00:00.352000+00:00,2022-05-06T20:00:19.912000+00:00,True,64.0,109.0,86.0,2.717796412231109,0.9733333333333334,67.0,154.0,150.0,403.0,400.0,17.964169412070568,0.0,0.0,0.0,0,False,0,EXCLUDED_NO_DEPTH_REFERENCE
26,2022-05-09,2022-05-08,HEADER_ONLY_ZERO_SCALE,C:\Users\k_99_\AppData\Roaming\ATAS\Cache_v2\NQ@CME_Ind\2022_05_08\marketdepth.dat,33,93.0,0.0,0.0,False,PASS,,C:\Users\k_99_\AppData\Roaming\ATAS\Cache_v2\NQ@CME_Ind\2022_05_08\trades.dat,13079650.0,0.25,1.0,671805.0,6.3787665600169e+17,6.3787723219999e+17,2022-05-09T04:00:00.169000+00:00,2022-05-09T20:00:19.999000+00:00,True,80.0,105.0,79.0,2.7440635890317613,0.9666666666666667,73.0,174.0,150.0,869.0,869.0,34.809976588705496,0.0,0.0,0.0,0,False,0,EXCLUDED_NO_DEPTH_REFERENCE
27,2022-05-10,2022-05-09,HEADER_ONLY_ZERO_SCALE,C:\Users\k_99_\AppData\Roaming\ATAS\Cache_v2\NQ@CME_Ind\2022_05_09\marketdepth.dat,33,93.0,0.0,0.0,False,PASS,,C:\Users\k_99_\AppData\Roaming\ATAS\Cache_v2\NQ@CME_Ind\2022_05_09\trades.dat,13896152.0,0.25,1.0,724337.0,6.378775200023e+17,6.3787809619768e+17,2022-05-10T04:00:00.230000+00:00,2022-05-10T20:00:19.768000+00:00,True,42.0,122.0,77.0,3.2863044068624445,0.98,137.0,184.0,151.0,304.0,303.0,11.553465866666274,1.0,2.0,1.0,0,False,0,EXCLUDED_NO_DEPTH_REFERENCE
28,2022-05-11,2022-05-10,HEADER_ONLY_ZERO_SCALE,C:\Users\k_99_\AppData\Roaming\ATAS\Cache_v2\NQ@CME_Ind\2022_05_10\marketdepth.dat,33,93.0,0.0,0.0,False,PASS,,C:\Users\k_99_\AppData\Roaming\ATAS\Cache_v2\NQ@CME_Ind\2022_05_10\trades.dat,13979596.0,0.25,1.0,733743.0,6.3787838400119e+17,6.3787896019989e+17,2022-05-11T04:00:00.119000+00:00,2022-05-11T20:00:19.989000+00:00,True,85.0,102.0,80.0,3.0040242620644686,0.97,91.0,162.0,150.0,400.0,405.0,19.301983340378346,0.0,0.0,0.0,0,False,0,EXCLUDED_NO_DEPTH_REFERENCE
29,2022-05-12,2022-05-11,HEADER_ONLY_ZERO_SCALE,C:\Users\k_99_\AppData\Roaming\ATAS\Cache_v2\NQ@CME_Ind\2022_05_11\marketdepth.dat,33,93.0,0.0,0.0,False,PASS,,C:\Users\k_99_\AppData\Roaming\ATAS\Cache_v2\NQ@CME_Ind\2022_05_11\trades.dat,14160460.0,0.25,1.0,734343.0,6.3787924800134e+17,6.3787982419961e+17,2022-05-12T04:00:00.134000+00:00,2022-05-12T20:00:19.961000+00:00,True,48.0,107.0,90.0,2.6547331968393117,0.9666666666666667,77.0,166.0,150.0,588.0,535.0,17.711315286484826,0.0,0.0,0.0,0,False,0,EXCLUDED_NO_DEPTH_REFERENCE
30,2022-05-13,2022-05-12,HEADER_ONLY_ZERO_SCALE,C:\Users\k_99_\AppData\Roaming\ATAS\Cache_v2\NQ@CME_Ind\2022_05_12\marketdepth.dat,33,93.0,0.0,0.0,False,PASS,,C:\Users\k_99_\AppData\Roaming\ATAS\Cache_v2\NQ@CME_Ind\2022_05_12\trades.dat,10698638.0,0.25,1.0,549143.0,6.3788011200171e+17,6.3788068819981e+17,2022-05-13T04:00:00.171000+00:00,2022-05-13T20:00:19.981000+00:00,True,29.0,105.0,94.0,3.494509009166357,0.9866666666666667,82.0,170.0,150.0,293.0,314.0,17.47936612983403,0.0,0.0,0.0,0,False,0,EXCLUDED_NO_DEPTH_REFERENCE
31,2022-05-16,2022-05-15,HEADER_ONLY_ZERO_SCALE,C:\Users\k_99_\AppData\Roaming\ATAS\Cache_v2\NQ@CME_Ind\2022_05_15\marketdepth.dat,33,93.0,0.0,0.0,False,PASS,,C:\Users\k_99_\AppData\Roaming\ATAS\Cache_v2\NQ@CME_Ind\2022_05_15\trades.dat,10294682.0,0.25,1.0,517133.0,6.3788270400505e+17,6.3788328019925e+17,2022-05-16T04:00:00.505000+00:00,2022-05-16T20:00:19.925000+00:00,True,18.0,134.0,112.0,4.311065843613544,0.99,162.0,205.0,155.0,292.0,290.0,22.272604089105094,0.0,0.0,0.0,0,False,0,EXCLUDED_NO_DEPTH_REFERENCE
32,2022-05-17,2022-05-16,HEADER_ONLY_ZERO_SCALE,C:\Users\k_99_\AppData\Roaming\ATAS\Cache_v2\NQ@CME_Ind\2022_05_16\marketdepth.dat,33,93.0,0.0,0.0,False,PASS,,C:\Users\k_99_\AppData\Roaming\ATAS\Cache_v2\NQ@CME_Ind\2022_05_16\trades.dat,10608898.0,0.25,1.0,555414.0,6.3788356800506e+17,6.3788414419678e+17,2022-05-17T04:00:00.506000+00:00,2022-05-17T20:00:19.678000+00:00,True,26.0,115.0,84.0,2.962076567028605,0.9666666666666667,91.0,171.0,153.0,381.0,359.0,25.19062031773722,0.0,0.0,0.0,0,False,0,EXCLUDED_NO_DEPTH_REFERENCE
33,2022-05-18,2022-05-17,HEADER_ONLY_ZERO_SCALE,C:\Users\k_99_\AppData\Roaming\ATAS\Cache_v2\NQ@CME_Ind\2022_05_17\marketdepth.dat,33,93.0,0.0,0.0,False,PASS,,C:\Users\k_99_\AppData\Roaming\ATAS\Cache_v2\NQ@CME_Ind\2022_05_17\trades.dat,11848824.0,0.25,1.0,609573.0,6.3788443200134e+17,6.3788500819898e+17,2022-05-18T04:00:00.134000+00:00,2022-05-18T20:00:19.898000+00:00,True,22.0,110.0,90.0,2.8248750340236297,0.9766666666666667,67.0,179.0,153.0,448.0,425.0,16.585953466640785,0.0,0.0,0.0,0,False,0,EXCLUDED_NO_DEPTH_REFERENCE
34,2022-05-19,2022-05-18,HEADER_ONLY_ZERO_SCALE,C:\Users\k_99_\AppData\Roaming\ATAS\Cache_v2\NQ@CME_Ind\2022_05_18\marketdepth.dat,33,93.0,0.0,0.0,False,PASS,,C:\Users\k_99_\AppData\Roaming\ATAS\Cache_v2\NQ@CME_Ind\2022_05_18\trades.dat,13531342.0,0.25,1.0,700141.0,6.378852960025e+17,6.3788587219984e+17,2022-05-19T04:00:00.250000+00:00,2022-05-19T20:00:19.984000+00:00,True,18.0,137.0,105.0,3.8564191486680772,0.99,107.0,193.0,155.0,328.0,328.0,19.892868755412017,0.0,0.0,0.0,0,False,0,EXCLUDED_NO_DEPTH_REFERENCE
35,2022-05-20,2022-05-19,HEADER_ONLY_ZERO_SCALE,C:\Users\k_99_\AppData\Roaming\ATAS\Cache_v2\NQ@CME_Ind\2022_05_19\marketdepth.dat,33,93.0,0.0,0.0,False,PASS,,C:\Users\k_99_\AppData\Roaming\ATAS\Cache_v2\NQ@CME_Ind\2022_05_19\trades.dat,12875610.0,0.25,1.0,673189.0,6.3788616000154e+17,6.3788673619999e+17,2022-05-20T04:00:00.154000+00:00,2022-05-20T20:00:19.999000+00:00,True,35.0,109.0,87.0,3.059983616145035,0.9666666666666667,83.0,171.0,150.0,335.0,314.0,18.292700254979273,0.0,0.0,0.0,0,False,0,EXCLUDED_NO_DEPTH_REFERENCE
36,2022-05-23,2022-05-22,HEADER_ONLY_ZERO_SCALE,C:\Users\k_99_\AppData\Roaming\ATAS\Cache_v2\NQ@CME_Ind\2022_05_22\marketdepth.dat,33,93.0,0.0,0.0,False,PASS,,C:\Users\k_99_\AppData\Roaming\ATAS\Cache_v2\NQ@CME_Ind\2022_05_22\trades.dat,10699146.0,0.25,1.0,550023.0,6.378887520035e+17,6.3788932819901e+17,2022-05-23T04:00:00.350000+00:00,2022-05-23T20:00:19.901000+00:00,True,19.0,107.0,76.0,3.6617652423275238,0.9855072463768116,58.0,174.0,153.0,257.0,257.0,15.754789071555036,0.0,0.0,0.0,0,False,0,EXCLUDED_NO_DEPTH_REFERENCE
37,2022-05-24,2022-05-23,HEADER_ONLY_ZERO_SCALE,C:\Users\k_99_\AppData\Roaming\ATAS\Cache_v2\NQ@CME_Ind\2022_05_23\marketdepth.dat,33,93.0,0.0,0.0,False,PASS,,C:\Users\k_99_\AppData\Roaming\ATAS\Cache_v2\NQ@CME_Ind\2022_05_23\trades.dat,11650536.0,0.25,1.0,601445.0,6.3788961601605e+17,6.3789019219998e+17,2022-05-24T04:00:01.605000+00:00,2022-05-24T20:00:19.998000+00:00,True,31.0,107.0,86.0,2.7330430480808885,0.9733333333333334,85.0,173.0,152.0,342.0,340.0,13.642167789770966,0.0,0.0,0.0,0,False,0,EXCLUDED_NO_DEPTH_REFERENCE
38,2022-05-25,2022-05-24,HEADER_ONLY_ZERO_SCALE,C:\Users\k_99_\AppData\Roaming\ATAS\Cache_v2\NQ@CME_Ind\2022_05_24\marketdepth.dat,33,93.0,0.0,0.0,False,PASS,,C:\Users\k_99_\AppData\Roaming\ATAS\Cache_v2\NQ@CME_Ind\2022_05_24\trades.dat,10949688.0,0.25,1.0,556030.0,6.3789048000674e+17,6.3789105619758e+17,2022-05-25T04:00:00.674000+00:00,2022-05-25T20:00:19.758000+00:00,True,17.0,102.0,79.0,3.00178189167765,0.98,69.0,172.0,157.0,287.0,305.0,18.955566945086584,0.0,0.0,0.0,0,False,0,EXCLUDED_NO_DEPTH_REFERENCE
39,2022-05-26,2022-05-25,HEADER_ONLY_ZERO_SCALE,C:\Users\k_99_\AppData\Roaming\ATAS\Cache_v2\NQ@CME_Ind\2022_05_25\marketdepth.dat,33,93.0,0.0,0.0,False,PASS,,C:\Users\k_99_\AppData\Roaming\ATAS\Cache_v2\NQ@CME_Ind\2022_05_25\trades.dat,9751680.0,0.25,1.0,497987.0,6.3789134402615e+17,6.3789192019975e+17,2022-05-26T04:00:02.615000+00:00,2022-05-26T20:00:19.975000+00:00,True,20.0,115.0,79.0,2.7783327856579434,0.97,61.0,151.0,150.0,534.0,522.0,34.205437006658826,0.0,0.0,0.0,0,False,0,EXCLUDED_NO_DEPTH_REFERENCE
40,2022-05-27,2022-05-26,HEADER_ONLY_ZERO_SCALE,C:\Users\k_99_\AppData\Roaming\ATAS\Cache_v2\NQ@CME_Ind\2022_05_26\marketdepth.dat,33,93.0,0.0,0.0,False,PASS,,C:\Users\k_99_\AppData\Roaming\ATAS\Cache_v2\NQ@CME_Ind\2022_05_26\trades.dat,9677232.0,0.25,1.0,497251.0,6.3789220805031e+17,6.3789278419975e+17,2022-05-27T04:00:05.031000+00:00,2022-05-27T20:00:19.975000+00:00,True,23.0,104.0,85.0,3.11178762538166,0.97,98.0,184.0,150.0,503.0,502.0,30.66968671367266,0.0,0.0,0.0,0,False,0,EXCLUDED_NO_DEPTH_REFERENCE
41,2022-05-30,2022-05-29,MISSING,C:\Users\k_99_\AppData\Roaming\ATAS\Cache_v2\NQ@CME_Ind\2022_05_29\marketdepth.dat,0,,,,False,EXCLUDED,FileNotFoundError: missing trade cache: C:\Users\k_99_\AppData\Roaming\ATAS\Cache_v2\NQ@CME_Ind\2022_05_29\trades.dat,,,,,,,,,,False,,,,,,,,,,,,,,,0,False,0,EXCLUDED_TRADE_DATA
42,2022-05-31,2022-05-30,HEADER_ONLY_ZERO_SCALE,C:\Users\k_99_\AppData\Roaming\ATAS\Cache_v2\NQ@CME_Ind\2022_05_30\marketdepth.dat,33,93.0,0.0,0.0,False,PASS,,C:\Users\k_99_\AppData\Roaming\ATAS\Cache_v2\NQ@CME_Ind\2022_05_30\trades.dat,11192076.0,0.25,1.0,564928.0,6.3789566402978e+17,6.378962401998e+17,2022-05-31T04:00:02.978000+00:00,2022-05-31T20:00:19.980000+00:00,True,16.0,113.0,80.0,2.8066347787111336,0.98,63.0,186.0,157.0,755.0,743.0,36.4667406964846,0.0,0.0,0.0,0,False,0,EXCLUDED_NO_DEPTH_REFERENCE
43,2022-06-01,2022-05-31,HEADER_ONLY_ZERO_SCALE,C:\Users\k_99_\AppData\Roaming\ATAS\Cache_v2\NQ@CME_Ind\2022_05_31\marketdepth.dat,33,93.0,0.0,0.0,False,PASS,,C:\Users\k_99_\AppData\Roaming\ATAS\Cache_v2\NQ@CME_Ind\2022_05_31\trades.dat,10976058.0,0.25,1.0,575199.0,6.378965280129e+17,6.3789710419983e+17,2022-06-01T04:00:01.290000+00:00,2022-06-01T20:00:19.983000+00:00,True,35.0,102.0,89.0,2.908995182205167,0.97,39.0,152.0,153.0,272.0,299.0,13.922361967596725,0.0,0.0,0.0,0,False,0,EXCLUDED_NO_DEPTH_REFERENCE
44,2022-06-02,2022-06-01,HEADER_ONLY_ZERO_SCALE,C:\Users\k_99_\AppData\Roaming\ATAS\Cache_v2\NQ@CME_Ind\2022_06_01\marketdepth.dat,33,93.0,0.0,0.0,False,PASS,,C:\Users\k_99_\AppData\Roaming\ATAS\Cache_v2\NQ@CME_Ind\2022_06_01\trades.dat,10016712.0,0.25,1.0,515126.0,6.3789739202323e+17,6.3789796819917e+17,2022-06-02T04:00:02.323000+00:00,2022-06-02T20:00:19.917000+00:00,True,30.0,103.0,81.0,2.99979840765194,0.9766666666666667,65.0,173.0,151.0,608.0,635.0,30.486661837353385,0.0,0.0,0.0,0,False,0,EXCLUDED_NO_DEPTH_REFERENCE
45,2022-06-03,2022-06-02,HEADER_ONLY_ZERO_SCALE,C:\Users\k_99_\AppData\Roaming\ATAS\Cache_v2\NQ@CME_Ind\2022_06_02\marketdepth.dat,33,93.0,0.0,0.0,False,PASS,,C:\Users\k_99_\AppData\Roaming\ATAS\Cache_v2\NQ@CME_Ind\2022_06_02\trades.dat,10408082.0,0.25,1.0,545376.0,6.3789825605697e+17,6.3789883219841e+17,2022-06-03T04:00:05.697000+00:00,2022-06-03T20:00:19.841000+00:00,True,19.0,109.0,80.0,2.9964561379230954,0.9766666666666667,108.0,142.0,153.0,655.0,643.0,23.93999103353823,0.0,0.0,0.0,0,False,0,EXCLUDED_NO_DEPTH_REFERENCE
46,2022-06-06,2022-06-05,HEADER_ONLY_ZERO_SCALE,C:\Users\k_99_\AppData\Roaming\ATAS\Cache_v2\NQ@CME_Ind\2022_06_05\marketdepth.dat,33,93.0,0.0,0.0,False,PASS,,C:\Users\k_99_\AppData\Roaming\ATAS\Cache_v2\NQ@CME_Ind\2022_06_05\trades.dat,8732822.0,0.25,1.0,450839.0,6.3790084802137e+17,6.3790142419998e+17,2022-06-06T04:00:02.137000+00:00,2022-06-06T20:00:19.998000+00:00,True,22.0,106.0,83.0,2.889512617784257,0.9766666666666667,49.0,182.0,150.0,353.0,352.0,18.79772499011395,0.0,0.0,0.0,0,False,0,EXCLUDED_NO_DEPTH_REFERENCE
47,2022-06-07,2022-06-06,HEADER_ONLY_ZERO_SCALE,C:\Users\k_99_\AppData\Roaming\ATAS\Cache_v2\NQ@CME_Ind\2022_06_06\marketdepth.dat,33,93.0,0.0,0.0,False,PASS,,C:\Users\k_99_\AppData\Roaming\ATAS\Cache_v2\NQ@CME_Ind\2022_06_06\trades.dat,9454226.0,0.25,1.0,483096.0,6.3790171200473e+17,6.379022881992e+17,2022-06-07T04:00:00.473000+00:00,2022-06-07T20:00:19.920000+00:00,True,17.0,112.0,78.0,2.955151611587085,0.9733333333333334,112.0,190.0,151.0,463.0,477.0,31.14659651307688,0.0,0.0,0.0,0,False,0,EXCLUDED_NO_DEPTH_REFERENCE
48,2022-06-08,2022-06-07,HEADER_ONLY_ZERO_SCALE,C:\Users\k_99_\AppData\Roaming\ATAS\Cache_v2\NQ@CME_Ind\2022_06_07\marketdepth.dat,33,93.0,0.0,0.0,False,PASS,,C:\Users\k_99_\AppData\Roaming\ATAS\Cache_v2\NQ@CME_Ind\2022_06_07\trades.dat,9306806.0,0.25,1.0,484524.0,6.3790257600315e+17,6.3790315219903e+17,2022-06-08T04:00:00.315000+00:00,2022-06-08T20:00:19.903000+00:00,True,13.0,117.0,81.0,3.7593388732871724,0.9933333333333333,72.0,193.0,154.0,260.0,249.0,20.374806266477613,0.0,0.0,0.0,0,False,0,EXCLUDED_NO_DEPTH_REFERENCE
49,2022-06-09,2022-06-08,HEADER_ONLY_ZERO_SCALE,C:\Users\k_99_\AppData\Roaming\ATAS\Cache_v2\NQ@CME_Ind\2022_06_08\marketdepth.dat,33,93.0,0.0,0.0,False,PASS,,C:\Users\k_99_\AppData\Roaming\ATAS\Cache_v2\NQ@CME_Ind\2022_06_08\trades.dat,10694574.0,0.25,1.0,559469.0,6.3790344000793e+17,6.3790401619984e+17,2022-06-09T04:00:00.793000+00:00,2022-06-09T20:00:19.984000+00:00,True,16.0,104.0,84.0,3.102379610395737,0.9733333333333334,78.0,219.0,153.0,327.0,328.0,12.732355633276383,0.0,0.0,0.0,0,False,0,EXCLUDED_NO_DEPTH_REFERENCE
50,2022-06-10,2022-06-09,HEADER_ONLY_ZERO_SCALE,C:\Users\k_99_\AppData\Roaming\ATAS\Cache_v2\NQ@CME_Ind\2022_06_09\marketdepth.dat,33,93.0,0.0,0.0,False,PASS,,C:\Users\k_99_\AppData\Roaming\ATAS\Cache_v2\NQ@CME_Ind\2022_06_09\trades.dat,8887334.0,0.25,1.0,460512.0,6.3790430400383e+17,6.379048801989201e+17,2022-06-10T04:00:00.383000+00:00,2022-06-10T20:00:19.892000+00:00,True,12.0,130.0,122.0,4.768528908706101,0.9933333333333333,136.0,182.0,157.0,253.0,236.0,17.58530447730989,0.0,0.0,0.0,0,False,0,EXCLUDED_NO_DEPTH_REFERENCE
51,2022-06-13,2022-06-12,HEADER_ONLY_ZERO_SCALE,C:\Users\k_99_\AppData\Roaming\ATAS\Cache_v2\NQ@CME_Ind\2022_06_12\marketdepth.dat,33,93.0,0.0,0.0,False,PASS,,C:\Users\k_99_\AppData\Roaming\ATAS\Cache_v2\NQ@CME_Ind\2022_06_12\trades.dat,10111820.0,0.25,1.0,521789.0,6.3790689600011e+17,6.3790747219973e+17,2022-06-13T04:00:00.011000+00:00,2022-06-13T20:00:19.973000+00:00,True,9.0,101.0,83.0,2.6792097287553958,0.98,173.0,182.0,152.0,292.0,295.0,25.29636529720307,1.0,4.0,1.0,0,False,0,EXCLUDED_NO_DEPTH_REFERENCE
52,2022-06-14,2022-06-13,HEADER_ONLY_ZERO_SCALE,C:\Users\k_99_\AppData\Roaming\ATAS\Cache_v2\NQ@CME_Ind\2022_06_13\marketdepth.dat,33,93.0,0.0,0.0,False,PASS,,C:\Users\k_99_\AppData\Roaming\ATAS\Cache_v2\NQ@CME_Ind\2022_06_13\trades.dat,9941594.0,0.25,1.0,518611.0,6.3790776004233e+17,6.3790833619867e+17,2022-06-14T04:00:04.233000+00:00,2022-06-14T20:00:19.867000+00:00,True,7.0,115.0,83.0,4.69820871470323,0.9866666666666667,65.0,153.0,161.0,260.0,262.0,16.557234438791074,0.0,0.0,0.0,0,False,0,EXCLUDED_NO_DEPTH_REFERENCE
53,2022-06-15,2022-06-14,HEADER_ONLY_ZERO_SCALE,C:\Users\k_99_\AppData\Roaming\ATAS\Cache_v2\NQ@CME_Ind\2022_06_14\marketdepth.dat,33,93.0,0.0,0.0,False,PASS,,C:\Users\k_99_\AppData\Roaming\ATAS\Cache_v2\NQ@CME_Ind\2022_06_14\trades.dat,11600136.0,0.25,1.0,606722.0,6.3790862400866e+17,6.3790920019965e+17,2022-06-15T04:00:00.866000+00:00,2022-06-15T20:00:19.965000+00:00,True,16.0,110.0,104.0,2.527544925957339,0.97,59.0,177.0,154.0,310.0,293.0,24.296875884823233,2.0,1.0002,2.0,0,False,0,EXCLUDED_NO_DEPTH_REFERENCE
54,2022-06-16,2022-06-15,HEADER_ONLY_ZERO_SCALE,C:\Users\k_99_\AppData\Roaming\ATAS\Cache_v2\NQ@CME_Ind\2022_06_15\marketdepth.dat,33,93.0,0.0,0.0,False,PASS,,C:\Users\k_99_\AppData\Roaming\ATAS\Cache_v2\NQ@CME_Ind\2022_06_15\trades.dat,13055350.0,0.25,1.0,669957.0,6.379094881201e+17,6.3791006419983e+17,2022-06-16T04:00:12.010000+00:00,2022-06-16T20:00:19.983000+00:00,True,34.0,106.0,82.0,3.6094809057476493,0.9833333333333333,72.0,162.0,150.0,426.0,432.0,24.451016714367505,1.0,1.0,1.0,0,False,0,EXCLUDED_NO_DEPTH_REFERENCE
55,2022-06-17,2022-06-16,HEADER_ONLY_ZERO_SCALE,C:\Users\k_99_\AppData\Roaming\ATAS\Cache_v2\NQ@CME_Ind\2022_06_16\marketdepth.dat,33,93.0,0.0,0.0,False,PASS,,C:\Users\k_99_\AppData\Roaming\ATAS\Cache_v2\NQ@CME_Ind\2022_06_16\trades.dat,11703168.0,0.25,1.0,600987.0,6.3791035201153e+17,6.379109281995e+17,2022-06-17T04:00:01.153000+00:00,2022-06-17T20:00:19.950000+00:00,True,32.0,112.0,104.0,3.08320709354969,0.97,63.0,190.0,152.0,366.0,437.0,23.948681981827324,0.0,0.0,0.0,0,False,0,EXCLUDED_NO_DEPTH_REFERENCE
56,2022-06-20,2022-06-19,MISSING,C:\Users\k_99_\AppData\Roaming\ATAS\Cache_v2\NQ@CME_Ind\2022_06_19\marketdepth.dat,0,,,,False,EXCLUDED,FileNotFoundError: missing trade cache: C:\Users\k_99_\AppData\Roaming\ATAS\Cache_v2\NQ@CME_Ind\2022_06_19\trades.dat,,,,,,,,,,False,,,,,,,,,,,,,,,0,False,0,EXCLUDED_TRADE_DATA
57,2022-06-21,2022-06-20,HEADER_ONLY_ZERO_SCALE,C:\Users\k_99_\AppData\Roaming\ATAS\Cache_v2\NQ@CME_Ind\2022_06_20\marketdepth.dat,33,93.0,0.0,0.0,False,PASS,,C:\Users\k_99_\AppData\Roaming\ATAS\Cache_v2\NQ@CME_Ind\2022_06_20\trades.dat,8492468.0,0.25,1.0,437582.0,6.3791380800407e+17,6.3791438419902e+17,2022-06-21T04:00:00.407000+00:00,2022-06-21T20:00:19.902000+00:00,True,22.0,101.0,84.0,3.133118058409429,0.98,52.0,175.0,150.0,355.0,351.0,26.58643421090017,0.0,0.0,0.0,0,False,0,EXCLUDED_NO_DEPTH_REFERENCE
58,2022-06-22,2022-06-21,HEADER_ONLY_ZERO_SCALE,C:\Users\k_99_\AppData\Roaming\ATAS\Cache_v2\NQ@CME_Ind\2022_06_21\marketdepth.dat,33,93.0,0.0,0.0,False,PASS,,C:\Users\k_99_\AppData\Roaming\ATAS\Cache_v2\NQ@CME_Ind\2022_06_21\trades.dat,10150398.0,0.25,1.0,525404.0,6.379146720052e+17,6.3791524819991e+17,2022-06-22T04:00:00.520000+00:00,2022-06-22T20:00:19.991000+00:00,True,39.0,117.0,76.0,2.5699681422380842,0.97,87.0,186.0,152.0,593.0,599.0,29.10414189246983,0.0,0.0,0.0,0,False,0,EXCLUDED_NO_DEPTH_REFERENCE
59,2022-06-23,2022-06-22,HEADER_ONLY_ZERO_SCALE,C:\Users\k_99_\AppData\Roaming\ATAS\Cache_v2\NQ@CME_Ind\2022_06_22\marketdepth.dat,33,93.0,0.0,0.0,False,PASS,,C:\Users\k_99_\AppData\Roaming\ATAS\Cache_v2\NQ@CME_Ind\2022_06_22\trades.dat,10211612.0,0.25,1.0,520378.0,6.3791553600274e+17,6.3791611219943e+17,2022-06-23T04:00:00.274000+00:00,2022-06-23T20:00:19.943000+00:00,True,42.0,101.0,79.0,2.9870850517975116,0.98,61.0,177.0,150.0,538.0,511.0,38.082636357147535,0.0,0.0,0.0,0,False,0,EXCLUDED_NO_DEPTH_REFERENCE
60,2022-06-24,2022-06-23,HEADER_ONLY_ZERO_SCALE,C:\Users\k_99_\AppData\Roaming\ATAS\Cache_v2\NQ@CME_Ind\2022_06_23\marketdepth.dat,33,93.0,0.0,0.0,False,PASS,,C:\Users\k_99_\AppData\Roaming\ATAS\Cache_v2\NQ@CME_Ind\2022_06_23\trades.dat,8873502.0,0.25,1.0,443453.0,6.3791640010336e+17,6.3791697619958e+17,2022-06-24T04:00:10.336000+00:00,2022-06-24T20:00:19.958000+00:00,True,50.0,114.0,112.0,2.6991221036454487,0.9666666666666667,83.0,174.0,154.0,584.0,566.0,22.980851234592794,1.0,23.0011,1.0,0,False,0,EXCLUDED_NO_DEPTH_REFERENCE
