feature,physical_family,PC1,PC2,PC3,PC4,PC5,PC6,PC7,PC8,PC9,PC10
Delta1s,FLOW_BURST_QUALITY,-0.19496316780742495,0.02280727989062815,0.016698166555557267,0.04764779592142369,-0.015339385022789077,0.015478456035283826,-0.03400758922029528,0.018565685727499368,0.10294734884521739,0.01495916656238325
Delta2s,FLOW_BURST_QUALITY,-0.19424229748328425,0.023169764478827792,0.014978393531870818,0.04832783583083075,-0.013188131333830184,0.004919368282860968,-0.025854975910108765,0.02471822904958023,0.1078203962995784,0.011299097608181801
Delta3s,FLOW_BURST_QUALITY,-0.19578934844009585,0.019894981876614426,0.01327895560509787,0.04907365650171269,-0.010801336790668303,0.005349300161463594,-0.028613195806301617,0.026772426164491964,0.10162303069596901,0.015741239310662986
Delta5s,FLOW_BURST_QUALITY,-0.1940587111950393,0.01850177736887637,0.016628409442915257,0.05221400185722633,-0.013600745499437066,0.004822312186077576,-0.01754428738865041,0.029363740395394695,0.1028986757854859,0.01210653785006293
Delta10s,FLOW_BURST_QUALITY,-0.19509307793464165,0.020443275122170035,0.023587157958113503,0.04413328383474513,-0.00993127872349625,0.01392786145316028,0.004210243216178425,0.024000587718236457,0.07341728675902523,0.007370801309358785
PeakPositiveDelta,FLOW_BURST_QUALITY,-0.17966769913657837,0.027485885459934578,-0.0430756324655322,0.0716385663471909,0.1084829600022255,0.023293083252784424,-0.012978243499183972,0.009711467343859123,0.12064092958061018,-0.006136862286047144
PeakNegativeDelta,FLOW_BURST_QUALITY,-0.18236053624410756,0.01692779627844475,0.07310994619403233,0.014434543290147192,-0.12327511430379834,0.0013819588693150253,-0.040385997915981686,0.026760281522900095,0.06146703843477194,0.03865677477080806
DeltaChange1s,FLOW_BURST_QUALITY,-0.1933508731675127,0.022090279708014065,0.018520820922603654,0.04624122297791394,-0.017689474828008617,0.027769664727914575,-0.04321871610815847,0.011055142121359496,0.09588312693460407,0.019098347297243804
DeltaChangeZScore,FLOW_BURST_QUALITY,-0.19204063294823662,0.004737932732781084,0.029579373088769595,0.04265935263383733,-0.011016521971107057,0.013740799708641616,-0.045803572946005344,0.006392878710704694,0.09305145520395045,0.012314484240983782
DeltaPercentile,FLOW_BURST_QUALITY,0.019470660134251184,-0.03413189945867364,-0.017553352900214814,0.11880543258071957,0.14059612968811064,-0.1118067263561976,0.039066740998943514,-0.009180217117228308,0.06596438113549574,-0.042082459630445684
BuySellRatio,OTHER_CAUSAL_CONTEXT,-0.1645166683620067,-0.011236748505015107,-0.02030839318310454,0.06805291343923559,-0.03624139033383644,-0.004529416973697964,-0.07027608162924787,-0.03974238352974849,0.20698065404547802,-0.052756236677190836
TradesPerSecond,TIME_REGIME,0.013695454535629384,0.06243244381465098,-0.03210640347223006,0.03487149158325167,0.31392203694183396,0.008897894782772975,0.08206593720725433,0.07918828040103898,-0.18441083835583175,0.05345241263379327
ContractsPerSecond,FLOW_BURST_QUALITY,0.02359714667063951,0.03710694013355243,-0.09093899458678802,0.053609643397098644,0.3273730701990135,0.04487429139763016,0.11059257764873154,0.019875347490276585,-0.10716596360573014,0.006941741231113935
Velocity1s,PERSISTENCE_EXHAUSTION,-0.1822054673558369,0.02379584850028619,-0.05556098551383634,-0.005585382319502342,0.030693965562793683,0.07433243148649876,-0.016262058846237992,-0.07030780963224847,-0.09553653276259644,0.07127749799044622
Velocity3s,PERSISTENCE_EXHAUSTION,-0.1881758205113615,0.02402839483276161,-0.04781648571602259,-0.008537272802350473,0.030004828398861195,0.040541689534704745,-0.006315497761817335,-0.04580907914636681,-0.07043760678122475,0.046789636126754255
Velocity5s,PERSISTENCE_EXHAUSTION,-0.1863048601839335,0.018273120190867954,-0.03983804177357134,-0.0011471725650133817,0.02886236734795547,0.025771834397530346,0.01251198785945265,-0.03402778443983967,-0.07374203792549389,0.04467251978046033
Acceleration1s,PERSISTENCE_EXHAUSTION,-0.15848138425877648,0.01734819291985512,-0.054361941320981516,-0.0019149439438334737,0.02573427316811023,0.10859943815145298,-0.014824654454862085,-0.06966873197310464,-0.12444770970471053,0.09617496135677239
Acceleration3s,PERSISTENCE_EXHAUSTION,-0.16778194561083676,0.02059381980290516,-0.05590211452651291,-0.011441706621938778,0.03750952801339586,0.0857360244006925,-0.04018321146469655,-0.07948715903604336,-0.08077852586113386,0.058164419934253614
TicksPerSecond,TIME_REGIME,-0.1822054673558369,0.023795848500286192,-0.055560985513836335,-0.005585382319502345,0.030693965562793683,0.07433243148649878,-0.01626205884623815,-0.07030780963224853,-0.09553653276259637,0.07127749799044636
CumulativeDeltaWindow,FLOW_BURST_QUALITY,-0.19578934844009585,0.019894981876614322,0.013278955605097875,0.04907365650171281,-0.010801336790668291,0.005349300161463595,-0.028613195806301686,0.02677242616449202,0.10162303069596909,0.015741239310662958
OR_WidthTicks,AUCTION_THEORY,0.010442084986538118,0.17838659720434416,-0.18048826971348816,-0.08253630673945372,-0.10779218145930118,0.02766507106608431,0.09376615831263037,-0.14182921051395747,-0.02993062668840099,0.05451588802288715
Dist_OR_High_Ticks,AUCTION_THEORY,-0.17753190632064236,-0.02894592643632849,-0.0339263575398564,-0.017093681984881103,0.03508116593586626,-0.08888912174245266,0.013494125962772352,0.07530686768616257,-0.1311809728562777,-0.061696050615697925
Dist_OR_Low_Ticks,AUCTION_THEORY,-0.16443829024730489,0.05907718830475563,-0.1201317191172686,-0.05644360088464229,-0.01890222829361525,-0.07142643834808612,0.05846557216188305,0.0029610135204755205,-0.13980629257918664,-0.03240893902394247
Dist_VWAP_Ticks,AUCTION_THEORY,-0.18320101355022889,0.015594652099972605,-0.07812728505267603,-0.0416903593580917,0.007316673235492595,-0.05207177380101803,0.04024062379827489,0.019798853995604722,-0.13547322274116486,-0.025141571615343063
Dist_POC_Ticks,AUCTION_THEORY,-0.18153754126122632,0.0003126899236752778,-0.0578104791460714,-0.0528364172151244,-0.009488926320204151,-0.03472444475538222,0.05978533172178304,-0.003384545749026236,-0.13450962222478197,-0.0009627217954457947
Dist_VAH_Ticks,AUCTION_THEORY,-0.18424998980224716,-0.03511866266025055,-0.015248607169412119,-0.04682231648156834,0.023109860703804098,-0.054542973095453855,0.06750475745772476,0.0027647261976612254,-0.11446853195689932,0.02574138604264591
Dist_VAL_Ticks,AUCTION_THEORY,-0.17175442774740682,0.04389123526309709,-0.1188129980471837,-0.041907708378633425,-0.01954304796868525,-0.05821467568047393,0.03762859581787523,0.01572534981892576,-0.1515538416715912,-0.04790916365041262
Dist_HVN_Ticks,AUCTION_THEORY,-0.08413629798442732,-0.019993170276409736,0.037758244951229626,0.1043850757238937,-0.01535461207734967,-0.07328747247389014,0.0066994035418093045,-0.038922142948306454,0.03722522701836322,0.1439241614493492
Dist_LVN_Ticks,AUCTION_THEORY,0.016081880393005208,0.0038938317634492495,-0.03151582439439981,-0.0937050123447127,0.09092156168275452,0.005519602186353304,-0.09388301372422858,0.08210162665962609,-0.055191992229017016,-0.09348443062961263
PreBurst_Acceptance_Dwell_Ratio_5s,ACCEPTANCE_RECLAIM,0.020255998751132126,0.04964409943456494,0.11759957893689173,0.17899383311440029,0.00547617323619106,0.20061973537955188,-0.03256410643442551,-0.09385560689112432,-0.028252085524135353,-0.056546803520483316
PreBurst_Reclaim_Count_10s,ACCEPTANCE_RECLAIM,-0.00955807753828907,-0.007087511285868174,-0.016203209457738007,-0.07421634849200408,-0.03149701601045713,-0.0075715701694159705,0.05941338681113953,-0.1631037623346857,0.1656763828793426,0.0190396769544378
PreBurst_Rotation_Index_10s,TEMPORAL_SEQUENCE,0.010038749375846208,0.03191262441442615,-0.1503127885754028,-0.030299772106189036,0.03303219266604326,-0.08779351165860584,-0.03371163188926066,-0.03201753682809974,0.2613550151104588,0.13649753444015475
PreBurst_Local_Entropy_10s,TEMPORAL_SEQUENCE,0.004961850760685931,0.015468402072096618,-0.18733731058018144,-0.04015525161146161,0.008673622076701781,-0.09535269133763977,-0.06536257433974296,-0.006237543158348389,0.2115903064240262,0.08366570059177471
PreBurst_Path_Efficiency_10s,TEMPORAL_SEQUENCE,-0.023372702619455437,0.05034759035967317,0.25656254480184926,0.02341059288387697,0.014667246375331996,0.04806255489773947,0.02602635674279275,-0.10047891750246793,-0.13510518121902984,-0.0694460531367
PreBurst_Price_Per_Delta_3s,EFFORT_VS_RESULT,0.009200475488150492,0.2059213437892964,0.11515511840577365,-0.11988468811251414,-0.07237722691141486,0.019170500489080478,0.019432442840602797,0.029539652898722884,0.02927657221718916,0.08739981210812979
PreBurst_Price_Per_Volume_3s,EFFORT_VS_RESULT,0.003527017573656034,0.19607792042117894,0.10124080313483497,-0.09569307549457126,-0.10107946421755003,-0.010970720297140836,-0.006926168983335761,-0.0020586261233743472,0.08974748375870728,0.04436840378220657
PreBurst_Impulse_Survival_Seconds,AUCTION_THEORY,-0.0032627975977634303,0.0329512489495546,0.12851267162970084,0.022693751974373434,-0.025112853434615612,0.030976435109433174,0.07657368250814121,-0.15856106198985764,-0.12411001666264014,-0.14590407917294032
PreBurst_Impulse_Decay_Slope_5s,PERSISTENCE_EXHAUSTION,0.007625454900987676,0.21272000242733585,0.005581003017085766,-0.0530973309918254,0.10828530368226144,-0.044683521717027094,0.00301444459346461,0.014528298418448469,0.07573615545440544,0.06348013790012583
Profile_Std_Ticks,AUCTION_THEORY,0.027224421324900258,0.18578820564851073,-0.20077014605460577,0.014797133620233176,-0.08622067597501326,0.006789844286376706,-0.019573295581069686,0.020998169207187993,-0.0848363709629174,-0.11009685990813192
Profile_Skewness,AUCTION_THEORY,-0.04700640167945996,-0.0108848102879019,-0.023766927983792634,-0.04896188851736448,0.012873468563956238,0.03505045317995103,0.09347687155586391,-0.03383328597470291,-0.11817234476593293,0.03408715338351688
Profile_Excess_Kurtosis,AUCTION_THEORY,-0.01846535766569355,0.021309301208031407,0.174652249413301,-0.011835703019786094,0.034725380270939236,0.11229234043840326,0.2287081983623687,0.007338281499313192,-0.05356366557439022,0.3041553758753242
Profile_Normalized_Entropy,AUCTION_THEORY,0.035850265067011645,0.0417626162409695,-0.224203124103621,0.018161000019774054,-0.0571822270850325,-0.07854560997071049,-0.1921691972931264,-0.03715988994729892,-0.0358314663643288,-0.24523187720369585
Profile_Concentration,AUCTION_THEORY,-0.04686972593808916,-0.15058669124077265,0.18578293459420755,-0.04377118595557874,0.11137260588856149,0.041540941960686216,0.03378636405847737,0.004359066323297247,0.09278360604820447,0.11498543714993581
Profile_Effective_Nodes,AUCTION_THEORY,0.03225899108797473,0.1929250702821611,-0.20011376034364883,0.02666473182243593,-0.09511096306952585,0.0022337137651451946,-0.0026019106994810692,0.005209060204648418,-0.07442857627100052,-0.07745683518733591
Profile_Local_Maxima_Count,AUCTION_THEORY,0.028516908979181774,0.21126182481785596,-0.13374444725851056,0.026484746531197634,-0.07742095866954794,0.059671694081345705,0.016638521922535628,0.01808792083287004,-0.0847805675896875,-0.01732358157818981
Profile_Position_Percentile,AUCTION_THEORY,-0.18927417953303322,0.002310900981755915,-0.028747026478392203,0.005202837000198919,-0.013241259213189773,-0.08053285762183031,0.01639668160048974,0.04477620132990215,-0.07351519353760587,-0.037382770441788726
range,OTHER_CAUSAL_CONTEXT,0.01044208498653812,0.1783865972043442,-0.18048826971348816,-0.08253630673945372,-0.1077921814593012,0.027665071066084287,0.09376615831263041,-0.14182921051395747,-0.029930626688400998,0.05451588802288718
Body_AtEntry,OTHER_CAUSAL_CONTEXT,0.01287346003507318,0.1670322051232501,0.046210013163205055,0.047759917045680916,0.004021813332736478,0.18378457194962172,0.12782498373301224,0.18742196771120903,0.0681605769302341,-0.07478695854883134
Volume_AtEntry,FLOW_BURST_QUALITY,-0.012820316141741445,-0.0351943594287758,-0.05945648865479061,-0.009389115239367765,-0.05558596316263952,0.09392177631525342,0.3483551412066135,0.15756085138907083,0.063382767870922,-0.14996659597116432
Delta_AtEntry,FLOW_BURST_QUALITY,-0.1849964168464703,0.017282639700744278,0.016118745301709567,0.06020077849162429,-0.008507966765857725,0.027086468288801558,0.0725515461248461,0.026305529673841622,0.02586928223486547,-0.07755492991353109
Cumulative_Delta_AtEntry,FLOW_BURST_QUALITY,-0.0611459554314461,0.016371615695381442,0.01810983000191831,-0.003901215671941089,0.04918560112505815,-0.021538104776689396,-0.009046892958534409,-0.16585568996022756,0.10401561393738298,-0.029062636855956555
Previous_Volume_AtEntry,FLOW_BURST_QUALITY,-0.012118246541088888,-0.045335998931818215,-0.03279275931375078,-0.25955810245941935,0.049433422803000164,0.1550990835758641,-0.004016097653076812,0.03512178780131608,0.04440815842756167,-0.13278357888391767
Previous_Delta_AtEntry,FLOW_BURST_QUALITY,-0.08362047896640729,0.01248502385530407,-0.0406126443260315,-0.09053809839764515,0.03615596980921621,-0.05768772036948677,-0.07686058125325904,0.010625477306987409,-0.06703026832147085,0.16909835267360956
Delta_Change_AtEntry,FLOW_BURST_QUALITY,-0.11515552577316401,0.007666380950362243,0.04172226052857367,0.11537433746057604,-0.03176034868135284,0.06312575180888456,0.11770698490883048,0.01721136552345424,0.06818495020657843,-0.18334047675749138
BreakOut_TICKS_PER_SEC_AtEntry,OTHER_CAUSAL_CONTEXT,0.0030500767780909576,0.11640813778329569,-0.013830153021647208,0.014238718488057049,0.230796873002962,0.020622139749026422,-0.1743799676511721,0.06552628978643124,0.0023681735674793442,0.09612014669560863
Score_AtEntry,OTHER_CAUSAL_CONTEXT,-0.011509288155146997,-0.040921758281302255,0.04875690327954516,0.1374202674838171,0.03781533958149318,0.09847940210516871,0.22795320653165926,-0.191739020126813,0.030803385780808868,-0.15667696543882317
Buy_Imbalance_Count_AtEntry,FLOW_BURST_QUALITY,-0.1081752837346975,-0.03363329243406126,0.0254822821171019,0.12338432242812676,0.0045010053087050925,0.05045374101538496,0.13310503262197057,0.07290108895156934,0.05818383788406132,-0.17002577286898066
Sell_Imbalance_Count_AtEntry,FLOW_BURST_QUALITY,0.10737478645051671,-0.06288449454976212,-0.09445966093116569,0.0021094437902946825,0.06738579934455864,0.10085612253649184,0.0243404109037502,-0.1430906055997107,-0.06920863727714789,0.00028469991263071
Seconds_From_Open_AtEntry,TIME_REGIME,0.04876341850270876,0.05610978954875144,-0.025904938368783683,0.3058031459998564,-0.06962001427436805,-0.13903325683488094,0.11154307083924807,-0.010581674001378534,-0.01725833201452064,0.13962697274071406
Directional_OR_Extension_Ticks_AtEntry,AUCTION_THEORY,-0.00930741406676434,-0.2012999712406067,-0.024401127514042203,-0.024806974285930955,0.019636306269563048,-0.19564730489875462,-0.014119464332054951,0.1899108412894112,-0.016727377876422714,0.005117441400111997
Directional_VWAP_Distance_Ticks_AtEntry,AUCTION_THEORY,0.009576179968834907,-0.020327795036567033,-0.005817255626442677,0.0011631379323036155,-0.017470827000059353,-0.16210793426582154,-0.09094917172157232,0.24488411398857918,0.013224677817448098,0.010158831781744811
Nearest_OR_Edge_Distance_Ticks_AtEntry,AUCTION_THEORY,0.036617247818219845,0.15492696039501128,-0.005837986900651454,0.17196204561548267,0.002738034862660262,0.1598228669459839,-0.0662113429964409,0.1980985736425392,-0.040311481515122,-0.15021478238331423
Body_OR_Ratio_AtEntry,AUCTION_THEORY,0.00030411008955881036,0.03170870079571607,0.15155765300305785,0.10374626450025708,0.02712193548659081,0.1866204460566908,0.0929646914251919,0.257002484947095,0.0708413152697154,-0.11956004322842168
Signed_Delta_Share_AtEntry,FLOW_BURST_QUALITY,0.002129885601283682,-0.03461339545422497,-0.052107348167105175,-0.03463169199829138,-0.18149238130203801,-0.004584381499404723,0.29229086465628773,0.11512118703034444,0.04712123926575011,-0.06366608735494961
Signed_Previous_Delta_Share_AtEntry,FLOW_BURST_QUALITY,0.020480277046636738,-0.03292836531730602,-0.06804497912857083,-0.05069691455780177,-0.02770605631761255,-0.026881806696453056,0.24499010172066343,0.061812333592783236,0.04766838626524265,-0.11243568916650026
Prior_Closed_ATR3_Ticks_AtEntry,AUCTION_THEORY,0.01899136179473691,0.18854480043390326,-0.126743678401539,-0.016340165987244845,-0.1542940274685073,0.016591956338374035,0.04754987998281452,-0.03993257057325934,-0.02679779252794639,0.0020602790397698887
Prior_Closed_ATR5_Ticks_AtEntry,AUCTION_THEORY,0.035242110551533555,0.19331070614556015,-0.13269902129802202,0.052721539539070855,-0.13272085307155007,-0.02483043586537844,0.04641721195128461,-0.059700985745079704,-0.029800224375316257,0.07152214183023455
PreEntry_Directional_Efficiency3_AtEntry,OTHER_CAUSAL_CONTEXT,0.019716805324882816,-0.0513337866165148,-0.04108472902543283,-0.12092690811512505,-0.0013768836649790859,-0.14189447039429479,0.2931534042904207,0.18436122491666676,0.00545114882395919,0.037254569356889054
PreEntry_Directional_Delta_Share3_AtEntry,FLOW_BURST_QUALITY,0.0059252772940482585,-0.019852338075611677,-0.06422807479474539,-0.11215555187946752,-0.002353529523889433,-0.12268028225976454,0.24710360647230276,0.07136800989168103,0.10451968845558784,-0.03586826759476693
PreEntry_Range_Compression3_AtEntry,OTHER_CAUSAL_CONTEXT,-0.008570224261824471,-0.033878124949956394,0.1030006602334713,0.16398271427125305,-0.03635410168368203,-0.04205459556746261,-0.07256224225885571,0.19568052351389156,-0.026554166598616806,-0.056550299631241814
PreEntry_Volume_Climax_Ratio_AtEntry,FLOW_BURST_QUALITY,0.03741667451759195,0.03864833141402842,-0.017930486869663465,0.28356719726012936,-0.05701382194317652,-0.11459268178688138,0.08655724155092419,-0.044071378180136525,-0.023807268058169427,0.13700961856979835
Nearest_OR_Edge_Retest_Count_AtEntry,ACCEPTANCE_RECLAIM,0.049396598054229336,0.03234904151846206,-0.020921105052875387,0.28046990988217946,-0.03088410235863007,-0.1050979673423946,-0.0004796011536145716,0.028080837278454278,-0.000979711026851585,0.18107808379083132
Nearest_OR_Edge_Acceptance_Ratio3_AtEntry,ACCEPTANCE_RECLAIM,0.01801992904585371,0.0110202885937863,-0.047580255433392324,0.20283806604737661,0.016657622840499955,-0.04420221272574812,-0.27923755181257287,0.11913722379759267,-0.11000338557702613,-0.1251963555222474
signed_delta_1s,FLOW_BURST_QUALITY,0.02018835567404849,0.01642775893337949,-0.1319363634862602,0.0824020073921112,0.3290437225214827,0.043992461919768064,0.037557929980621345,-0.05656662269676527,0.04122618649586822,-0.056569205018386186
signed_delta_change_1s,FLOW_BURST_QUALITY,0.020774543360555002,0.024197611549776708,-0.12971037490894627,0.06589512660202293,0.33426711922001234,0.007675769395968097,0.0330040459203684,-0.051071555374735955,0.06356530235773923,-0.0313164273845618
signed_velocity_1s,PERSISTENCE_EXHAUSTION,0.005318411579505161,0.22696058410034503,0.03326685177622508,-0.07869923163254265,0.12303365577900367,-0.038091746567138283,0.01654510535785375,0.09795154043822586,0.07290478005919286,0.04797729222291421
signed_velocity_3s,PERSISTENCE_EXHAUSTION,0.005195979093617428,0.21971085504219887,0.08153432242206528,-0.08126800625857467,0.04405616898412041,0.03621229986805107,-0.0001972540174398133,0.01368266336434086,0.0024126794201013197,0.055521775793322035
signed_acceleration_1s,PERSISTENCE_EXHAUSTION,0.0006027891881969882,0.1924220034965354,0.013889492862583327,-0.06858732254662388,0.14890371820217116,-0.07935394295268942,-0.004878221935025183,0.1561845431384309,0.10017531705038368,0.05661585969801704
price_impact_per_100_contracts,EFFORT_VS_RESULT,0.00799008524861555,0.20185066129840942,0.09050656741459501,-0.12912834116981906,-0.056161786094181286,-0.07707810289943906,-0.014493589784882036,0.0799275155012128,0.1573399302988618,0.011015815330246643
absorption_pressure_1s,EFFORT_VS_RESULT,0.01618287330874571,-0.11614270415445921,-0.19474963549824048,0.04799364426455917,-0.051042728050760704,0.26183056380198266,-0.011699714722008822,0.10525829027983662,0.06559450367622088,0.15334697308505552
delta_share_of_volume,FLOW_BURST_QUALITY,-0.008518967751122007,-0.04732722095713029,-0.056400805470875816,0.04892042263651752,-0.08057001757003378,-0.06843525037564921,-0.1416357127126954,-0.14023442881476134,0.28051800926483184,-0.09383036777352853
mean_trade_size,FLOW_BURST_QUALITY,-0.006658290541196137,-0.052207292824117034,-0.1361315677716683,0.03347021003799282,-0.03781801506213697,0.0760101263256447,0.025608583227587658,-0.16454807785139472,0.27028399618195553,-0.13447261421636791
delta_persistence_1_3,PERSISTENCE_EXHAUSTION,-0.022534320894322387,-0.0025229528682936416,0.09684476950925504,-0.009431758510214874,-0.1856492816890029,0.09565248137682872,-0.14000001039717758,0.0884649434171359,-0.145887028405797,-0.02549946385024556
delta_persistence_3_5,PERSISTENCE_EXHAUSTION,0.007656558451665022,-0.04242541364383891,0.058690053824700696,-0.03811889678693326,0.0018757189272772966,0.06473960680608218,0.00784571097596621,0.08149901074306345,-0.0746260700905411,-0.035432630392437686
velocity_consistency,PERSISTENCE_EXHAUSTION,-0.018926654702090664,0.08884038147124335,0.20397392200238454,-5.690480369660043e-05,0.02720920033629961,-0.22643599213566326,0.005419431336619005,-0.19192599751474765,-0.07988869962660261,-0.15772766815451542
flow_price_alignment,OTHER_CAUSAL_CONTEXT,-0.011558801957668986,0.09006488598250151,0.16922967158946253,0.0023562514210790034,0.05544173340929882,-0.2502014238690686,0.03313958667671533,-0.16209152843417798,-0.08679400472676616,-0.16199868690601904
acceleration_velocity_ratio,PERSISTENCE_EXHAUSTION,-0.02145911358204202,0.07372037330678143,0.14407156343196198,0.02348071106625349,0.10643441834633989,-0.21468280195360245,0.03697912531549389,0.019087984670577506,0.1169829056254194,-0.1381391875424406
directional_vwap_distance,AUCTION_THEORY,0.0014960023106139369,0.18872679771746612,0.11509274878355796,0.029058627462502748,0.009890177835262146,0.20090237288628346,-0.005658836710663446,-0.17101298423956254,0.028863554685375128,-0.001062000611299281
directional_poc_distance,AUCTION_THEORY,0.019279368029482102,0.17664723430842588,0.12087973077124638,0.02768597380486878,-0.010395396352098952,0.14648383916875526,-0.01356063439085371,-0.15612961314619958,0.0031577086162823905,-0.03183794665387041
profile_confluence_4t,AUCTION_THEORY,0.003142134926036357,-0.046212607936043704,-0.13779150967251305,-0.05902490356734221,0.04030931120072406,-0.046481029485830626,-0.027571531184647814,-0.003019568046678146,-0.007447339286058653,-0.09056522782750386
burst_efficiency_score,EFFORT_VS_RESULT,0.010240975498230649,0.21579154566540715,0.09901073815505694,-0.12938540798571863,-0.03123736107519805,-0.04841304546950097,0.0015568663756089984,0.11110665994227911,0.08152875802293054,0.053356734573039896
liquidity_absorption_score,OTHER_CAUSAL_CONTEXT,0.015182064632309011,-0.11482925324147976,-0.19112408664446373,0.04419474023706335,-0.06346697625486053,0.2621132093661493,-0.013798548633373322,0.11090702298976145,0.06485274055250652,0.15780497739693639
seconds_from_open,TIME_REGIME,0.04877178961492093,0.056120074240244004,-0.02591217107279957,0.30579693405377645,-0.06959382871279023,-0.1390231351224482,0.11151767320462543,-0.010582596950355409,-0.017261516922051686,0.13963052257527106
minute_from_open,TIME_REGIME,0.048771789614920937,0.056120074240244025,-0.025912171072799566,0.30579693405377645,-0.06959382871279024,-0.13902313512244824,0.11151767320462552,-0.010582596950355393,-0.017261516922051703,0.13963052257527106
weekday_index,TIME_REGIME,0.015142995024326852,0.002358755275773564,-0.058790024057253316,0.0107780427829771,-0.018802336280384566,-0.06854578033846515,0.09755737440974249,-0.11531728407784303,0.03227486646382673,-0.08877560604627865
month_index,TIME_REGIME,0.034735173737897376,-0.042836632332172726,-0.016535682870086783,0.03837845971989577,-0.03792985602402844,-0.004874995701889289,0.08063647017656282,-0.1142374858861735,0.00798707072580149,-0.08257230318612988
execution_side_sign,OTHER_CAUSAL_CONTEXT,0.19619554554331967,-0.01014775511403636,-0.01958626853358801,-0.04219252376033147,0.006934072166394553,-0.0055488515753198036,0.012925036751363255,0.009587571947708005,-0.06732811177822533,0.0145936679906415
or_position_fraction,AUCTION_THEORY,-0.17158535916056936,-0.005160574736504621,-0.037526111904217715,-0.001384059215411175,-0.003651898896633946,-0.1221737277957386,0.04920180246100947,0.06255086747706409,-0.1009806060962458,-0.06392448161776883
distance_nearest_or_edge_ticks,AUCTION_THEORY,0.036617247818219845,0.1549269603950113,-0.005837986900651447,0.17196204561548264,0.0027380348626602296,0.1598228669459839,-0.06621134299644095,0.19809857364253913,-0.040311481515122025,-0.15021478238331423
distance_nearest_profile_reference_ticks,AUCTION_THEORY,0.008490306522129409,-0.009268978693058013,-0.05283770639966375,-0.029957180047962682,-0.01309071360337545,-0.08682934056674835,0.02383282365313444,0.039566048149250854,-0.15580822492136623,0.05431778694201676
vwap_poc_spread_ticks,AUCTION_THEORY,0.0034845172495000993,0.09062229091671856,-0.1414549545380159,0.016519146711144354,-0.04935233842040471,-0.1095315965813562,-0.09348513387577133,0.07135872554288511,0.014158773356185685,-0.2517102381911556
signed_velocity_decay_1_5,PERSISTENCE_EXHAUSTION,-0.005283756739542553,-0.21556578780571492,-0.005501413564162557,0.06455761394472607,-0.14754368789258288,0.0701864938087231,-0.014484210658495308,-0.1017808245718724,-0.10111950695171198,-0.05324341171931354
signed_delta_decay_1_5,PERSISTENCE_EXHAUSTION,-0.020359338771532016,-0.024098093340721924,0.14085276286745835,-0.0833912352953653,-0.32742392053169966,-0.018527861069552135,-0.04742233652090414,0.07426800258245768,-0.0654230036957675,0.042575203073848274
execution_cvd_alignment,OTHER_CAUSAL_CONTEXT,0.0024572415879843606,0.0002150441973735361,-0.0006614505933812929,0.015616407749269697,-0.07442935507115309,-0.07698664075808043,-0.11121852923514838,0.04641931914027786,-0.03272414756938244,0.10031613693801254
